facility_id,scenario,year,toy_slr_m,annual_probability,is_synthetic
DEMO-01-001,RCP 2.6,2020,0.0,0.25419478,1
DEMO-01-001,RCP 2.6,2030,0.028906,0.26428654,1
DEMO-01-001,RCP 2.6,2040,0.065625,0.27747013,1
DEMO-01-001,RCP 2.6,2050,0.110156,0.29399085,1
DEMO-01-001,RCP 2.6,2060,0.1625,0.31412399,1
DEMO-01-001,RCP 2.6,2070,0.222656,0.33815342,1
DEMO-01-001,RCP 2.6,2080,0.290625,0.3663391,1
DEMO-01-001,RCP 2.6,2090,0.366406,0.39887125,1
DEMO-01-001,RCP 2.6,2100,0.45,0.43581071,1
DEMO-01-001,RCP 4.5,2020,0.0,0.25419478,1
DEMO-01-001,RCP 4.5,2030,0.032031,0.26539279,1
DEMO-01-001,RCP 4.5,2040,0.078125,0.28204947,1
DEMO-01-001,RCP 4.5,2050,0.138281,0.30471537,1
DEMO-01-001,RCP 4.5,2060,0.2125,0.33403307,1
DEMO-01-001,RCP 4.5,2070,0.300781,0.37063616,1
DEMO-01-001,RCP 4.5,2080,0.403125,0.41498161,1
DEMO-01-001,RCP 4.5,2090,0.519531,0.46710723,1
DEMO-01-001,RCP 4.5,2100,0.65,0.52633923,1
DEMO-01-001,RCP 8.5,2020,0.0,0.25419478,1
DEMO-01-001,RCP 8.5,2030,0.0375,0.26733582,1
DEMO-01-001,RCP 8.5,2040,0.1,0.2901727,1
DEMO-01-001,RCP 8.5,2050,0.1875,0.32399891,1
DEMO-01-001,RCP 8.5,2060,0.3,0.37030488,1
DEMO-01-001,RCP 8.5,2070,0.4375,0.43023091,1
DEMO-01-001,RCP 8.5,2080,0.6,0.5036363,1
DEMO-01-001,RCP 8.5,2090,0.7875,0.58793966,1
DEMO-01-001,RCP 8.5,2100,1.0,0.67739331,1
DEMO-01-002,RCP 2.6,2020,0.0,0.00178371,1
DEMO-01-002,RCP 2.6,2030,0.028906,0.00187979,1
DEMO-01-002,RCP 2.6,2040,0.065625,0.00200931,1
DEMO-01-002,RCP 2.6,2050,0.110156,0.00217839,1
DEMO-01-002,RCP 2.6,2060,0.1625,0.00239537,1
DEMO-01-002,RCP 2.6,2070,0.222656,0.00267149,1
DEMO-01-002,RCP 2.6,2080,0.290625,0.00302184,1
DEMO-01-002,RCP 2.6,2090,0.366406,0.0034667,1
DEMO-01-002,RCP 2.6,2100,0.45,0.00403345,1
DEMO-01-002,RCP 4.5,2020,0.0,0.00178371,1
DEMO-01-002,RCP 4.5,2030,0.032031,0.00189048,1
DEMO-01-002,RCP 4.5,2040,0.078125,0.0020554,1
DEMO-01-002,RCP 4.5,2050,0.138281,0.00229242,1
DEMO-01-002,RCP 4.5,2060,0.2125,0.00262274,1
DEMO-01-002,RCP 4.5,2070,0.300781,0.00307798,1
DEMO-01-002,RCP 4.5,2080,0.403125,0.00370515,1
DEMO-01-002,RCP 4.5,2090,0.519531,0.00457451,1
DEMO-01-002,RCP 4.5,2100,0.65,0.00579208,1
DEMO-01-002,RCP 8.5,2020,0.0,0.00178371,1
DEMO-01-002,RCP 8.5,2030,0.0375,0.00190933,1
DEMO-01-002,RCP 8.5,2040,0.1,0.00213862,1
DEMO-01-002,RCP 8.5,2050,0.1875,0.00250649,1
DEMO-01-002,RCP 8.5,2060,0.3,0.00307363,1
DEMO-01-002,RCP 8.5,2070,0.4375,0.00394317,1
DEMO-01-002,RCP 8.5,2080,0.6,0.00529142,1
DEMO-01-002,RCP 8.5,2090,0.7875,0.00742497,1
DEMO-01-002,RCP 8.5,2100,1.0,0.0108886,1
DEMO-01-003,RCP 2.6,2020,0.0,0.32459653,1
DEMO-01-003,RCP 2.6,2030,0.028906,0.33622326,1
DEMO-01-003,RCP 2.6,2040,0.065625,0.35128193,1
DEMO-01-003,RCP 2.6,2050,0.110156,0.36994724,1
DEMO-01-003,RCP 2.6,2060,0.1625,0.39239102,1
DEMO-01-003,RCP 2.6,2070,0.222656,0.41875223,1
DEMO-01-003,RCP 2.6,2080,0.290625,0.44909741,1
DEMO-01-003,RCP 2.6,2090,0.366406,0.48337261,1
DEMO-01-003,RCP 2.6,2100,0.45,0.52135065,1
DEMO-01-003,RCP 4.5,2020,0.0,0.32459653,1
DEMO-01-003,RCP 4.5,2030,0.032031,0.33749249,1
DEMO-01-003,RCP 4.5,2040,0.078125,0.35647843,1
DEMO-01-003,RCP 4.5,2050,0.138281,0.38194359,1
DEMO-01-003,RCP 4.5,2060,0.2125,0.41426451,1
DEMO-01-003,RCP 4.5,2070,0.300781,0.45367021,1
DEMO-01-003,RCP 4.5,2080,0.403125,0.50005682,1
DEMO-01-003,RCP 4.5,2090,0.519531,0.55277148,1
DEMO-01-003,RCP 4.5,2100,0.65,0.61042307,1
DEMO-01-003,RCP 8.5,2020,0.0,0.32459653,1
DEMO-01-003,RCP 8.5,2030,0.0375,0.33971928,1
DEMO-01-003,RCP 8.5,2040,0.1,0.36565352,1
DEMO-01-003,RCP 8.5,2050,0.1875,0.40327969,1
DEMO-01-003,RCP 8.5,2060,0.3,0.45331817,1
DEMO-01-003,RCP 8.5,2070,0.4375,0.51567668,1
DEMO-01-003,RCP 8.5,2080,0.6,0.58860023,1
DEMO-01-003,RCP 8.5,2090,0.7875,0.66798618,1
DEMO-01-003,RCP 8.5,2100,1.0,0.74752482,1
DEMO-01-004,RCP 2.6,2020,0.0,0.00401887,1
DEMO-01-004,RCP 2.6,2030,0.028906,0.00423482,1
DEMO-01-004,RCP 2.6,2040,0.065625,0.00452587,1
DEMO-01-004,RCP 2.6,2050,0.110156,0.00490568,1
DEMO-01-004,RCP 2.6,2060,0.1625,0.00539286,1
DEMO-01-004,RCP 2.6,2070,0.222656,0.00601242,1
DEMO-01-004,RCP 2.6,2080,0.290625,0.00679792,1
DEMO-01-004,RCP 2.6,2090,0.366406,0.00779433,1
DEMO-01-004,RCP 2.6,2100,0.45,0.00906215,1
DEMO-01-004,RCP 4.5,2020,0.0,0.00401887,1
DEMO-01-004,RCP 4.5,2030,0.032031,0.00425885,1
DEMO-01-004,RCP 4.5,2040,0.078125,0.00462943,1
DEMO-01-004,RCP 4.5,2050,0.138281,0.00516174,1
DEMO-01-004,RCP 4.5,2060,0.2125,0.00590306,1
DEMO-01-004,RCP 4.5,2070,0.300781,0.00692373,1
DEMO-01-004,RCP 4.5,2080,0.403125,0.00832797,1
DEMO-01-004,RCP 4.5,2090,0.519531,0.01027081,1
DEMO-01-004,RCP 4.5,2100,0.65,0.01298476,1
DEMO-01-004,RCP 8.5,2020,0.0,0.00401887,1
DEMO-01-004,RCP 8.5,2030,0.0375,0.00430122,1
DEMO-01-004,RCP 8.5,2040,0.1,0.00481636,1
DEMO-01-004,RCP 8.5,2050,0.1875,0.00564223,1
DEMO-01-004,RCP 8.5,2060,0.3,0.00691397,1
DEMO-01-004,RCP 8.5,2070,0.4375,0.00886032,1
DEMO-01-004,RCP 8.5,2080,0.6,0.01186979,1
DEMO-01-004,RCP 8.5,2090,0.7875,0.0166115,1
DEMO-01-004,RCP 8.5,2100,1.0,0.02425578,1
DEMO-01-005,RCP 2.6,2020,0.0,0.24601128,1
DEMO-01-005,RCP 2.6,2030,0.028906,0.25588962,1
DEMO-01-005,RCP 2.6,2040,0.065625,0.26880739,1
DEMO-01-005,RCP 2.6,2050,0.110156,0.28501578,1
DEMO-01-005,RCP 2.6,2060,0.1625,0.30479964,1
DEMO-01-005,RCP 2.6,2070,0.222656,0.32845737,1
DEMO-01-005,RCP 2.6,2080,0.290625,0.35626991,1
DEMO-01-005,RCP 2.6,2090,0.366406,0.38845604,1
DEMO-01-005,RCP 2.6,2100,0.45,0.42511307,1
DEMO-01-005,RCP 4.5,2020,0.0,0.24601128,1
DEMO-01-005,RCP 4.5,2030,0.032031,0.256973,1
DEMO-01-005,RCP 4.5,2040,0.078125,0.27329784,1
DEMO-01-005,RCP 4.5,2050,0.138281,0.29554995,1
DEMO-01-005,RCP 4.5,2060,0.2125,0.32439726,1
DEMO-01-005,RCP 4.5,2070,0.300781,0.36051606,1
DEMO-01-005,RCP 4.5,2080,0.403125,0.40442875,1
DEMO-01-005,RCP 4.5,2090,0.519531,0.45626264,1
DEMO-01-005,RCP 4.5,2100,0.65,0.51544963,1
DEMO-01-005,RCP 8.5,2020,0.0,0.24601128,1
DEMO-01-005,RCP 8.5,2030,0.0375,0.25887611,1
DEMO-01-005,RCP 8.5,2040,0.1,0.28126775,1
DEMO-01-005,RCP 8.5,2050,0.1875,0.31451585,1
DEMO-01-005,RCP 8.5,2060,0.3,0.36018865,1
DEMO-01-005,RCP 8.5,2070,0.4375,0.41956839,1
DEMO-01-005,RCP 8.5,2080,0.6,0.49272779,1
DEMO-01-005,RCP 8.5,2090,0.7875,0.577329,1
DEMO-01-005,RCP 8.5,2100,1.0,0.66778453,1
DEMO-01-006,RCP 2.6,2020,0.0,0.01427953,1
DEMO-01-006,RCP 2.6,2030,0.028906,0.01503851,1
DEMO-01-006,RCP 2.6,2040,0.065625,0.01606009,1
DEMO-01-006,RCP 2.6,2050,0.110156,0.01739095,1
DEMO-01-006,RCP 2.6,2060,0.1625,0.01909422,1
DEMO-01-006,RCP 2.6,2070,0.222656,0.02125423,1
DEMO-01-006,RCP 2.6,2080,0.290625,0.02398296,1
DEMO-01-006,RCP 2.6,2090,0.366406,0.02742873,1
DEMO-01-006,RCP 2.6,2100,0.45,0.03178796,1
DEMO-01-006,RCP 4.5,2020,0.0,0.01427953,1
DEMO-01-006,RCP 4.5,2030,0.032031,0.0151229,1
DEMO-01-006,RCP 4.5,2040,0.078125,0.01642321,1
DEMO-01-006,RCP 4.5,2050,0.138281,0.01828671,1
DEMO-01-006,RCP 4.5,2060,0.2125,0.02087347,1
DEMO-01-006,RCP 4.5,2070,0.300781,0.02441903,1
DEMO-01-006,RCP 4.5,2080,0.403125,0.029267,1
DEMO-01-006,RCP 4.5,2090,0.519531,0.03591781,1
DEMO-01-006,RCP 4.5,2100,0.65,0.04509988,1
DEMO-01-006,RCP 8.5,2020,0.0,0.01427953,1
DEMO-01-006,RCP 8.5,2030,0.0375,0.01527171,1
DEMO-01-006,RCP 8.5,2040,0.1,0.01707819,1
DEMO-01-006,RCP 8.5,2050,0.1875,0.01996444,1
DEMO-01-006,RCP 8.5,2060,0.3,0.02438521,1
DEMO-01-006,RCP 8.5,2070,0.4375,0.03109586,1
DEMO-01-006,RCP 8.5,2080,0.6,0.04134276,1
DEMO-01-006,RCP 8.5,2090,0.7875,0.05717698,1
DEMO-01-006,RCP 8.5,2100,1.0,0.08193337,1
DEMO-01-007,RCP 2.6,2020,0.0,0.23999129,1
DEMO-01-007,RCP 2.6,2030,0.028906,0.24970796,1
DEMO-01-007,RCP 2.6,2040,0.065625,0.26242371,1
DEMO-01-007,RCP 2.6,2050,0.110156,0.27839374,1
DEMO-01-007,RCP 2.6,2060,0.1625,0.29790947,1
DEMO-01-007,RCP 2.6,2070,0.222656,0.32127955,1
DEMO-01-007,RCP 2.6,2080,0.290625,0.34879999,1
DEMO-01-007,RCP 2.6,2090,0.366406,0.38071039,1
DEMO-01-007,RCP 2.6,2100,0.45,0.41713506,1
DEMO-01-007,RCP 4.5,2020,0.0,0.23999129,1
DEMO-01-007,RCP 4.5,2030,0.032031,0.25077398,1
DEMO-01-007,RCP 4.5,2040,0.078125,0.26684644,1
DEMO-01-007,RCP 4.5,2050,0.138281,0.28878202,1
DEMO-01-007,RCP 4.5,2060,0.2125,0.31726625,1
DEMO-01-007,RCP 4.5,2070,0.300781,0.35300593,1
DEMO-01-007,RCP 4.5,2080,0.403125,0.39657114,1
DEMO-01-007,RCP 4.5,2090,0.519531,0.44815576,1
DEMO-01-007,RCP 4.5,2100,0.65,0.50727221,1
DEMO-01-007,RCP 8.5,2020,0.0,0.23999129,1
DEMO-01-007,RCP 8.5,2030,0.0375,0.2526468,1
DEMO-01-007,RCP 8.5,2040,0.1,0.27469934,1
DEMO-01-007,RCP 8.5,2050,0.1875,0.30750319,1
DEMO-01-007,RCP 8.5,2060,0.3,0.35268158,1
DEMO-01-007,RCP 8.5,2070,0.4375,0.41161992,1
DEMO-01-007,RCP 8.5,2080,0.6,0.48455037,1
DEMO-01-007,RCP 8.5,2090,0.7875,0.56932333,1
DEMO-01-007,RCP 8.5,2100,1.0,0.66048461,1
DEMO-01-008,RCP 2.6,2020,0.0,0.01005986,1
DEMO-01-008,RCP 2.6,2030,0.028906,0.01059697,1
DEMO-01-008,RCP 2.6,2040,0.065625,0.0113203,1
DEMO-01-008,RCP 2.6,2050,0.110156,0.01226328,1
DEMO-01-008,RCP 2.6,2060,0.1625,0.01347123,1
DEMO-01-008,RCP 2.6,2070,0.222656,0.01500488,1
DEMO-01-008,RCP 2.6,2080,0.290625,0.01694517,1
DEMO-01-008,RCP 2.6,2090,0.366406,0.01939988,1
DEMO-01-008,RCP 2.6,2100,0.45,0.02251263,1
DEMO-01-008,RCP 4.5,2020,0.0,0.01005986,1
DEMO-01-008,RCP 4.5,2030,0.032031,0.0106567,1
DEMO-01-008,RCP 4.5,2040,0.078125,0.01157751,1
DEMO-01-008,RCP 4.5,2050,0.138281,0.01289839,1
DEMO-01-008,RCP 4.5,2060,0.2125,0.01473439,1
DEMO-01-008,RCP 4.5,2070,0.300781,0.01725554,1
DEMO-01-008,RCP 4.5,2080,0.403125,0.02071152,1
DEMO-01-008,RCP 4.5,2090,0.519531,0.02546914,1
DEMO-01-008,RCP 4.5,2100,0.65,0.03206895,1
DEMO-01-008,RCP 8.5,2020,0.0,0.01005986,1
DEMO-01-008,RCP 8.5,2030,0.0375,0.01076205,1
DEMO-01-008,RCP 8.5,2040,0.1,0.01204161,1
DEMO-01-008,RCP 8.5,2050,0.1875,0.01408886,1
DEMO-01-008,RCP 8.5,2060,0.3,0.01723147,1
DEMO-01-008,RCP 8.5,2070,0.4375,0.02201788,1
DEMO-01-008,RCP 8.5,2080,0.6,0.02936401,1
DEMO-01-008,RCP 8.5,2090,0.7875,0.04080567,1
DEMO-01-008,RCP 8.5,2100,1.0,0.05891659,1
DEMO-01-009,RCP 2.6,2020,0.0,0.52361877,1
DEMO-01-009,RCP 2.6,2030,0.028906,0.5367094,1
DEMO-01-009,RCP 2.6,2040,0.065625,0.55326305,1
DEMO-01-009,RCP 2.6,2050,0.110156,0.57317807,1
DEMO-01-009,RCP 2.6,2060,0.1625,0.5962827,1
DEMO-01-009,RCP 2.6,2070,0.222656,0.62231244,1
DEMO-01-009,RCP 2.6,2080,0.290625,0.65089022,1
DEMO-01-009,RCP 2.6,2090,0.366406,0.68151408,1
DEMO-01-009,RCP 2.6,2100,0.45,0.71355792,1
DEMO-01-009,RCP 4.5,2020,0.0,0.52361877,1
DEMO-01-009,RCP 4.5,2030,0.032031,0.5381219,1
DEMO-01-009,RCP 4.5,2040,0.078125,0.55887336,1
DEMO-01-009,RCP 4.5,2050,0.138281,0.58563898,1
DEMO-01-009,RCP 4.5,2060,0.2125,0.61796252,1
DEMO-01-009,RCP 4.5,2070,0.300781,0.65507449,1
DEMO-01-009,RCP 4.5,2080,0.403125,0.69582606,1
DEMO-01-009,RCP 4.5,2090,0.519531,0.73868553,1
DEMO-01-009,RCP 4.5,2100,0.65,0.78183015,1
DEMO-01-009,RCP 8.5,2020,0.0,0.52361877,1
DEMO-01-009,RCP 8.5,2030,0.0375,0.54059228,1
DEMO-01-009,RCP 8.5,2040,0.1,0.5686545,1
DEMO-01-009,RCP 8.5,2050,0.1875,0.60717541,1
DEMO-01-009,RCP 8.5,2060,0.3,0.65475346,1
DEMO-01-009,RCP 8.5,2070,0.4375,0.70889017,1
DEMO-01-009,RCP 8.5,2080,0.6,0.76592713,1
DEMO-01-009,RCP 8.5,2090,0.7875,0.82147365,1
DEMO-01-009,RCP 8.5,2100,1.0,0.87132523,1
DEMO-01-010,RCP 2.6,2020,0.0,0.01811512,1
DEMO-01-010,RCP 2.6,2030,0.028906,0.01907401,1
DEMO-01-010,RCP 2.6,2040,0.065625,0.02036407,1
DEMO-01-010,RCP 2.6,2050,0.110156,0.02204359,1
DEMO-01-010,RCP 2.6,2060,0.1625,0.02419132,1
DEMO-01-010,RCP 2.6,2070,0.222656,0.02691212,1
DEMO-01-010,RCP 2.6,2080,0.290625,0.03034472,1
DEMO-01-010,RCP 2.6,2090,0.366406,0.03467205,1
DEMO-01-010,RCP 2.6,2100,0.45,0.04013494,1
DEMO-01-010,RCP 4.5,2020,0.0,0.01811512,1
DEMO-01-010,RCP 4.5,2030,0.032031,0.01918061,1
DEMO-01-010,RCP 4.5,2040,0.078125,0.02082244,1
DEMO-01-010,RCP 4.5,2050,0.138281,0.02317334,1
DEMO-01-010,RCP 4.5,2060,0.2125,0.02643274,1
DEMO-01-010,RCP 4.5,2070,0.300781,0.03089279,1
DEMO-01-010,RCP 4.5,2080,0.403125,0.0369773,1
DEMO-01-010,RCP 4.5,2090,0.519531,0.04529849,1
DEMO-01-010,RCP 4.5,2100,0.65,0.05673751,1
DEMO-01-010,RCP 8.5,2020,0.0,0.01811512,1
DEMO-01-010,RCP 8.5,2030,0.0375,0.01936856,1
DEMO-01-010,RCP 8.5,2040,0.1,0.021649,1
DEMO-01-010,RCP 8.5,2050,0.1875,0.02528785,1
DEMO-01-010,RCP 8.5,2060,0.3,0.0308503,1
DEMO-01-010,RCP 8.5,2070,0.4375,0.03926848,1
DEMO-01-010,RCP 8.5,2080,0.6,0.05206376,1
DEMO-01-010,RCP 8.5,2090,0.7875,0.07169701,1
DEMO-01-010,RCP 8.5,2100,1.0,0.10205972,1
DEMO-01-011,RCP 2.6,2020,0.0,0.03795254,1
DEMO-01-011,RCP 2.6,2030,0.028906,0.0399188,1
DEMO-01-011,RCP 2.6,2040,0.065625,0.04255752,1
DEMO-01-011,RCP 2.6,2050,0.110156,0.04598153,1
DEMO-01-011,RCP 2.6,2060,0.1625,0.0503415,1
DEMO-01-011,RCP 2.6,2070,0.222656,0.05583512,1
DEMO-01-011,RCP 2.6,2080,0.290625,0.06271903,1
DEMO-01-011,RCP 2.6,2090,0.366406,0.07132353,1
DEMO-01-011,RCP 2.6,2100,0.45,0.08207024,1
DEMO-01-011,RCP 4.5,2020,0.0,0.03795254,1
DEMO-01-011,RCP 4.5,2030,0.032031,0.04013713,1
DEMO-01-011,RCP 4.5,2040,0.078125,0.04349326,1
DEMO-01-011,RCP 4.5,2050,0.138281,0.04827755,1
DEMO-01-011,RCP 4.5,2060,0.2125,0.05486959,1
DEMO-01-011,RCP 4.5,2070,0.300781,0.06381336,1
DEMO-01-011,RCP 4.5,2080,0.403125,0.07587411,1
DEMO-01-011,RCP 4.5,2090,0.519531,0.09211123,1
DEMO-01-011,RCP 4.5,2100,0.65,0.11396055,1
DEMO-01-011,RCP 8.5,2020,0.0,0.03795254,1
DEMO-01-011,RCP 8.5,2030,0.0375,0.04052196,1
DEMO-01-011,RCP 8.5,2040,0.1,0.04517824,1
DEMO-01-011,RCP 8.5,2050,0.1875,0.0525595,1
DEMO-01-011,RCP 8.5,2060,0.3,0.06372855,1
DEMO-01-011,RCP 8.5,2070,0.4375,0.08037427,1
DEMO-01-011,RCP 8.5,2080,0.6,0.10509826,1
DEMO-01-011,RCP 8.5,2090,0.7875,0.14174044,1
DEMO-01-011,RCP 8.5,2100,1.0,0.19551811,1
DEMO-01-012,RCP 2.6,2020,0.0,0.22889777,1
DEMO-01-012,RCP 2.6,2030,0.028906,0.23830613,1
DEMO-01-012,RCP 2.6,2040,0.065625,0.25063523,1
DEMO-01-012,RCP 2.6,2050,0.110156,0.26614672,1
DEMO-01-012,RCP 2.6,2060,0.1625,0.28514316,1
DEMO-01-012,RCP 2.6,2070,0.222656,0.30795104,1
DEMO-01-012,RCP 2.6,2080,0.290625,0.33489311,1
DEMO-01-012,RCP 2.6,2090,0.366406,0.36624678,1
DEMO-01-012,RCP 2.6,2100,0.45,0.40218633,1
DEMO-01-012,RCP 4.5,2020,0.0,0.22889777,1
DEMO-01-012,RCP 4.5,2030,0.032031,0.239339,1
DEMO-01-012,RCP 4.5,2040,0.078125,0.25492794,1
DEMO-01-012,RCP 4.5,2050,0.138281,0.27625295,1
DEMO-01-012,RCP 4.5,2060,0.2125,0.30402965,1
DEMO-01-012,RCP 4.5,2070,0.300781,0.33901866,1
DEMO-01-012,RCP 4.5,2080,0.403125,0.38187653,1
DEMO-01-012,RCP 4.5,2090,0.519531,0.43292104,1
DEMO-01-012,RCP 4.5,2100,0.65,0.49181891,1
DEMO-01-012,RCP 8.5,2020,0.0,0.22889777,1
DEMO-01-012,RCP 8.5,2030,0.0375,0.24115391,1
DEMO-01-012,RCP 8.5,2040,0.1,0.26255571,1
DEMO-01-012,RCP 8.5,2050,0.1875,0.29449821,1
DEMO-01-012,RCP 8.5,2060,0.3,0.33870043,1
DEMO-01-012,RCP 8.5,2070,0.4375,0.39673431,1
DEMO-01-012,RCP 8.5,2080,0.6,0.46913022,1
DEMO-01-012,RCP 8.5,2090,0.7875,0.5541055,1
DEMO-01-012,RCP 8.5,2100,1.0,0.64648781,1
DEMO-01-013,RCP 2.6,2020,0.0,0.59825074,1
DEMO-01-013,RCP 2.6,2030,0.028906,0.61081484,1
DEMO-01-013,RCP 2.6,2040,0.065625,0.626563,1
DEMO-01-013,RCP 2.6,2050,0.110156,0.64530525,1
DEMO-01-013,RCP 2.6,2060,0.1625,0.66677537,1
DEMO-01-013,RCP 2.6,2070,0.222656,0.69061827,1
DEMO-01-013,RCP 2.6,2080,0.290625,0.71638314,1
DEMO-01-013,RCP 2.6,2090,0.366406,0.74352573,1
DEMO-01-013,RCP 2.6,2100,0.45,0.77142298,1
DEMO-01-013,RCP 4.5,2020,0.0,0.59825074,1
DEMO-01-013,RCP 4.5,2030,0.032031,0.61216467,1
DEMO-01-013,RCP 4.5,2040,0.078125,0.63186529,1
DEMO-01-013,RCP 4.5,2050,0.138281,0.65692083,1
DEMO-01-013,RCP 4.5,2060,0.2125,0.68665894,1
DEMO-01-013,RCP 4.5,2070,0.300781,0.72011998,1
DEMO-01-013,RCP 4.5,2080,0.403125,0.75604855,1
DEMO-01-013,RCP 4.5,2090,0.519531,0.79294741,1
DEMO-01-013,RCP 4.5,2100,0.65,0.82920452,1
DEMO-01-013,RCP 8.5,2020,0.0,0.59825074,1
DEMO-01-013,RCP 8.5,2030,0.0375,0.61452272,1
DEMO-01-013,RCP 8.5,2040,0.1,0.64106741,1
DEMO-01-013,RCP 8.5,2050,0.1875,0.67679703,1
DEMO-01-013,RCP 8.5,2060,0.3,0.7198336,1
DEMO-01-013,RCP 8.5,2070,0.4375,0.76739079,1
DEMO-01-013,RCP 8.5,2080,0.6,0.81594178,1
DEMO-01-013,RCP 8.5,2090,0.7875,0.86176173,1
DEMO-01-013,RCP 8.5,2100,1.0,0.90170938,1
DEMO-01-014,RCP 2.6,2020,0.0,0.00911126,1
DEMO-01-014,RCP 2.6,2030,0.028906,0.00959821,1
DEMO-01-014,RCP 2.6,2040,0.065625,0.01025408,1
DEMO-01-014,RCP 2.6,2050,0.110156,0.01110924,1
DEMO-01-014,RCP 2.6,2060,0.1625,0.01220492,1
DEMO-01-014,RCP 2.6,2070,0.222656,0.01359639,1
DEMO-01-014,RCP 2.6,2080,0.290625,0.01535739,1
DEMO-01-014,RCP 2.6,2090,0.366406,0.01758621,1
DEMO-01-014,RCP 2.6,2100,0.45,0.020414,1
DEMO-01-014,RCP 4.5,2020,0.0,0.00911126,1
DEMO-01-014,RCP 4.5,2030,0.032031,0.00965237,1
DEMO-01-014,RCP 4.5,2040,0.078125,0.01048732,1
DEMO-01-014,RCP 4.5,2050,0.138281,0.01168529,1
DEMO-01-014,RCP 4.5,2060,0.2125,0.01335094,1
DEMO-01-014,RCP 4.5,2070,0.300781,0.01563914,1
DEMO-01-014,RCP 4.5,2080,0.403125,0.01877757,1
DEMO-01-014,RCP 4.5,2090,0.519531,0.02310142,1
DEMO-01-014,RCP 4.5,2100,0.65,0.02910601,1
DEMO-01-014,RCP 8.5,2020,0.0,0.00911126,1
DEMO-01-014,RCP 8.5,2030,0.0375,0.00974789,1
DEMO-01-014,RCP 8.5,2040,0.1,0.0109082,1
DEMO-01-014,RCP 8.5,2050,0.1875,0.01276524,1
DEMO-01-014,RCP 8.5,2060,0.3,0.01561729,1
DEMO-01-014,RCP 8.5,2070,0.4375,0.01996444,1
DEMO-01-014,RCP 8.5,2080,0.6,0.02664411,1
DEMO-01-014,RCP 8.5,2090,0.7875,0.03706643,1
DEMO-01-014,RCP 8.5,2100,1.0,0.05361051,1
DEMO-01-015,RCP 2.6,2020,0.0,0.26609124,1
DEMO-01-015,RCP 2.6,2030,0.028906,0.27648021,1
DEMO-01-015,RCP 2.6,2040,0.065625,0.29003228,1
DEMO-01-015,RCP 2.6,2050,0.110156,0.30698317,1
DEMO-01-015,RCP 2.6,2060,0.1625,0.3275932,1
DEMO-01-015,RCP 2.6,2070,0.222656,0.35212401,1
DEMO-01-015,RCP 2.6,2080,0.290625,0.38080416,1
DEMO-01-015,RCP 2.6,2090,0.366406,0.41378205,1
DEMO-01-015,RCP 2.6,2100,0.45,0.45106623,1
DEMO-01-015,RCP 4.5,2020,0.0,0.26609124,1
DEMO-01-015,RCP 4.5,2030,0.032031,0.27761824,1
DEMO-01-015,RCP 4.5,2040,0.078125,0.29473437,1
DEMO-01-015,RCP 4.5,2050,0.138281,0.31796818,1
DEMO-01-015,RCP 4.5,2060,0.2125,0.34792292,1
DEMO-01-015,RCP 4.5,2070,0.300781,0.38516776,1
DEMO-01-015,RCP 4.5,2080,0.403125,0.43006379,1
DEMO-01-015,RCP 4.5,2090,0.519531,0.48252133,1
DEMO-01-015,RCP 4.5,2100,0.65,0.54172095,1
DEMO-01-015,RCP 8.5,2020,0.0,0.26609124,1
DEMO-01-015,RCP 8.5,2030,0.0375,0.27961671,1
DEMO-01-015,RCP 8.5,2040,0.1,0.30306871,1
DEMO-01-015,RCP 8.5,2050,0.1875,0.33768308,1
DEMO-01-015,RCP 8.5,2060,0.3,0.38483144,1
DEMO-01-015,RCP 8.5,2070,0.4375,0.44544532,1
DEMO-01-015,RCP 8.5,2080,0.6,0.51908164,1
DEMO-01-015,RCP 8.5,2090,0.7875,0.60283045,1
DEMO-01-015,RCP 8.5,2100,1.0,0.6907518,1
DEMO-01-016,RCP 2.6,2020,0.0,0.00274189,1
DEMO-01-016,RCP 2.6,2030,0.028906,0.00288942,1
DEMO-01-016,RCP 2.6,2040,0.065625,0.00308829,1
DEMO-01-016,RCP 2.6,2050,0.110156,0.00334786,1
DEMO-01-016,RCP 2.6,2060,0.1625,0.0036809,1
DEMO-01-016,RCP 2.6,2070,0.222656,0.0041046,1
DEMO-01-016,RCP 2.6,2080,0.290625,0.00464201,1
DEMO-01-016,RCP 2.6,2090,0.366406,0.00532411,1
DEMO-01-016,RCP 2.6,2100,0.45,0.00619264,1
DEMO-01-016,RCP 4.5,2020,0.0,0.00274189,1
DEMO-01-016,RCP 4.5,2030,0.032031,0.00290583,1
DEMO-01-016,RCP 4.5,2040,0.078125,0.00315906,1
DEMO-01-016,RCP 4.5,2050,0.138281,0.00352289,1
DEMO-01-016,RCP 4.5,2060,0.2125,0.0040298,1
DEMO-01-016,RCP 4.5,2070,0.300781,0.00472812,1
DEMO-01-016,RCP 4.5,2080,0.403125,0.0056896,1
DEMO-01-016,RCP 4.5,2090,0.519531,0.0070213,1
DEMO-01-016,RCP 4.5,2100,0.65,0.0088843,1
DEMO-01-016,RCP 8.5,2020,0.0,0.00274189,1
DEMO-01-016,RCP 8.5,2030,0.0375,0.00293479,1
DEMO-01-016,RCP 8.5,2040,0.1,0.00328681,1
DEMO-01-016,RCP 8.5,2050,0.1875,0.00385142,1
DEMO-01-016,RCP 8.5,2060,0.3,0.00472144,1
DEMO-01-016,RCP 8.5,2070,0.4375,0.00605433,1
DEMO-01-016,RCP 8.5,2080,0.6,0.00811853,1
DEMO-01-016,RCP 8.5,2090,0.7875,0.01137896,1
DEMO-01-016,RCP 8.5,2100,1.0,0.01665611,1
DEMO-01-017,RCP 2.6,2020,0.0,0.00618146,1
DEMO-01-017,RCP 2.6,2030,0.028906,0.00651286,1
DEMO-01-017,RCP 2.6,2040,0.065625,0.00695938,1
DEMO-01-017,RCP 2.6,2050,0.110156,0.00754186,1
DEMO-01-017,RCP 2.6,2060,0.1625,0.00828865,1
DEMO-01-017,RCP 2.6,2070,0.222656,0.0092378,1
DEMO-01-017,RCP 2.6,2080,0.290625,0.01044026,1
DEMO-01-017,RCP 2.6,2090,0.366406,0.01196412,1
DEMO-01-017,RCP 2.6,2100,0.45,0.0139007,1
DEMO-01-017,RCP 4.5,2020,0.0,0.00618146,1
DEMO-01-017,RCP 4.5,2030,0.032031,0.00654972,1
DEMO-01-017,RCP 4.5,2040,0.078125,0.00711822,1
DEMO-01-017,RCP 4.5,2050,0.138281,0.00793442,1
DEMO-01-017,RCP 4.5,2060,0.2125,0.00907032,1
DEMO-01-017,RCP 4.5,2070,0.300781,0.01063277,1
DEMO-01-017,RCP 4.5,2080,0.403125,0.01277957,1
DEMO-01-017,RCP 4.5,2090,0.519531,0.01574445,1
DEMO-01-017,RCP 4.5,2100,0.65,0.01987569,1
DEMO-01-017,RCP 8.5,2020,0.0,0.00618146,1
DEMO-01-017,RCP 8.5,2030,0.0375,0.00661474,1
DEMO-01-017,RCP 8.5,2040,0.1,0.00740489,1
DEMO-01-017,RCP 8.5,2050,0.1875,0.00867075,1
DEMO-01-017,RCP 8.5,2060,0.3,0.01061784,1
DEMO-01-017,RCP 8.5,2070,0.4375,0.01359258,1
DEMO-01-017,RCP 8.5,2080,0.6,0.01817991,1
DEMO-01-017,RCP 8.5,2090,0.7875,0.02537763,1
DEMO-01-017,RCP 8.5,2100,1.0,0.03690453,1
DEMO-01-018,RCP 2.6,2020,0.0,0.00178048,1
DEMO-01-018,RCP 2.6,2030,0.028906,0.00187638,1
DEMO-01-018,RCP 2.6,2040,0.065625,0.00200566,1
DEMO-01-018,RCP 2.6,2050,0.110156,0.00217444,1
DEMO-01-018,RCP 2.6,2060,0.1625,0.00239103,1
DEMO-01-018,RCP 2.6,2070,0.222656,0.00266665,1
DEMO-01-018,RCP 2.6,2080,0.290625,0.00301637,1
DEMO-01-018,RCP 2.6,2090,0.366406,0.00346042,1
DEMO-01-018,RCP 2.6,2100,0.45,0.00402616,1
DEMO-01-018,RCP 4.5,2020,0.0,0.00178048,1
DEMO-01-018,RCP 4.5,2030,0.032031,0.00188705,1
DEMO-01-018,RCP 4.5,2040,0.078125,0.00205167,1
DEMO-01-018,RCP 4.5,2050,0.138281,0.00228827,1
DEMO-01-018,RCP 4.5,2060,0.2125,0.00261799,1
DEMO-01-018,RCP 4.5,2070,0.300781,0.00307241,1
DEMO-01-018,RCP 4.5,2080,0.403125,0.00369845,1
DEMO-01-018,RCP 4.5,2090,0.519531,0.00456624,1
DEMO-01-018,RCP 4.5,2100,0.65,0.00578162,1
DEMO-01-018,RCP 8.5,2020,0.0,0.00178048,1
DEMO-01-018,RCP 8.5,2030,0.0375,0.00190587,1
DEMO-01-018,RCP 8.5,2040,0.1,0.00213474,1
DEMO-01-018,RCP 8.5,2050,0.1875,0.00250194,1
DEMO-01-018,RCP 8.5,2060,0.3,0.00306806,1
DEMO-01-018,RCP 8.5,2070,0.4375,0.00393604,1
DEMO-01-018,RCP 8.5,2080,0.6,0.00528186,1
DEMO-01-018,RCP 8.5,2090,0.7875,0.00741158,1
DEMO-01-018,RCP 8.5,2100,1.0,0.01086903,1
DEMO-01-019,RCP 2.6,2020,0.0,0.54126953,1
DEMO-01-019,RCP 2.6,2030,0.028906,0.55428799,1
DEMO-01-019,RCP 2.6,2040,0.065625,0.57071593,1
DEMO-01-019,RCP 2.6,2050,0.110156,0.59042888,1
DEMO-01-019,RCP 2.6,2060,0.1625,0.61322982,1
DEMO-01-019,RCP 2.6,2070,0.222656,0.63882873,1
DEMO-01-019,RCP 2.6,2080,0.290625,0.66682586,1
DEMO-01-019,RCP 2.6,2090,0.366406,0.69670322,1
DEMO-01-019,RCP 2.6,2100,0.45,0.72782915,1
DEMO-01-019,RCP 4.5,2020,0.0,0.54126953,1
DEMO-01-019,RCP 4.5,2030,0.032031,0.55569126,1
DEMO-01-019,RCP 4.5,2040,0.078125,0.57627492,1
DEMO-01-019,RCP 4.5,2050,0.138281,0.60273522,1
DEMO-01-019,RCP 4.5,2060,0.2125,0.63455732,1
DEMO-01-019,RCP 4.5,2070,0.300781,0.6709157,1
DEMO-01-019,RCP 4.5,2080,0.403125,0.71062246,1
DEMO-01-019,RCP 4.5,2090,0.519531,0.7521397,1
DEMO-01-019,RCP 4.5,2100,0.65,0.79368339,1
DEMO-01-019,RCP 8.5,2020,0.0,0.54126953,1
DEMO-01-019,RCP 8.5,2030,0.0375,0.55814484,1
DEMO-01-019,RCP 8.5,2040,0.1,0.58595607,1
DEMO-01-019,RCP 8.5,2050,0.1875,0.62395364,1
DEMO-01-019,RCP 8.5,2060,0.3,0.670602,1
DEMO-01-019,RCP 8.5,2070,0.4375,0.72330378,1
DEMO-01-019,RCP 8.5,2080,0.6,0.77839949,1
DEMO-01-019,RCP 8.5,2090,0.7875,0.83163687,1
DEMO-01-019,RCP 8.5,2100,1.0,0.87906827,1
DEMO-01-020,RCP 2.6,2020,0.0,0.04701686,1
DEMO-01-020,RCP 2.6,2030,0.028906,0.0494286,1
DEMO-01-020,RCP 2.6,2040,0.065625,0.05266146,1
DEMO-01-020,RCP 2.6,2050,0.110156,0.05685012,1
DEMO-01-020,RCP 2.6,2060,0.1625,0.06217348,1
DEMO-01-020,RCP 2.6,2070,0.222656,0.06886467,1
DEMO-01-020,RCP 2.6,2080,0.290625,0.0772236,1
DEMO-01-020,RCP 2.6,2090,0.366406,0.08763196,1
DEMO-01-020,RCP 2.6,2100,0.45,0.10056983,1
DEMO-01-020,RCP 4.5,2020,0.0,0.04701686,1
DEMO-01-020,RCP 4.5,2030,0.032031,0.04969625,1
DEMO-01-020,RCP 4.5,2040,0.078125,0.05380687,1
DEMO-01-020,RCP 4.5,2050,0.138281,0.05965491,1
DEMO-01-020,RCP 4.5,2060,0.2125,0.06768998,1
DEMO-01-020,RCP 4.5,2070,0.300781,0.0785498,1
DEMO-01-020,RCP 4.5,2080,0.403125,0.09311872,1
DEMO-01-020,RCP 4.5,2090,0.519531,0.11259655,1
DEMO-01-020,RCP 4.5,2100,0.65,0.13856349,1
DEMO-01-020,RCP 8.5,2020,0.0,0.04701686,1
DEMO-01-020,RCP 8.5,2030,0.0375,0.05016794,1
DEMO-01-020,RCP 8.5,2040,0.1,0.05586808,1
DEMO-01-020,RCP 8.5,2050,0.1875,0.06487719,1
DEMO-01-020,RCP 8.5,2060,0.3,0.07844705,1
DEMO-01-020,RCP 8.5,2070,0.4375,0.09853261,1
DEMO-01-020,RCP 8.5,2080,0.6,0.12806445,1
DEMO-01-020,RCP 8.5,2090,0.7875,0.17118208,1
DEMO-01-020,RCP 8.5,2100,1.0,0.23309639,1
DEMO-01-021,RCP 2.6,2020,0.0,0.57976729,1
DEMO-01-021,RCP 2.6,2030,0.028906,0.59251571,1
DEMO-01-021,RCP 2.6,2040,0.065625,0.60852977,1
DEMO-01-021,RCP 2.6,2050,0.110156,0.62763922,1
DEMO-01-021,RCP 2.6,2060,0.1625,0.64959802,1
DEMO-01-021,RCP 2.6,2070,0.222656,0.67406921,1
DEMO-01-021,RCP 2.6,2080,0.290625,0.70061482,1
DEMO-01-021,RCP 2.6,2090,0.366406,0.72869495,1
DEMO-01-021,RCP 2.6,2100,0.45,0.75767964,1
DEMO-01-021,RCP 4.5,2020,0.0,0.57976729,1
DEMO-01-021,RCP 4.5,2030,0.032031,0.59388681,1
DEMO-01-021,RCP 4.5,2040,0.078125,0.61393034,1
DEMO-01-021,RCP 4.5,2050,0.138281,0.63951014,1
DEMO-01-021,RCP 4.5,2060,0.2125,0.66999928,1
DEMO-01-021,RCP 4.5,2070,0.300781,0.7044737,1
DEMO-01-021,RCP 4.5,2080,0.403125,0.74169034,1
DEMO-01-021,RCP 4.5,2090,0.519531,0.78012937,1
DEMO-01-021,RCP 4.5,2100,0.65,0.8181162,1
DEMO-01-021,RCP 8.5,2020,0.0,0.57976729,1
DEMO-01-021,RCP 8.5,2030,0.0375,0.5962827,1
DEMO-01-021,RCP 8.5,2040,0.1,0.62331351,1
DEMO-01-021,RCP 8.5,2050,0.1875,0.65987277,1
DEMO-01-021,RCP 8.5,2060,0.3,0.70417789,1
DEMO-01-021,RCP 8.5,2070,0.4375,0.75348249,1
DEMO-01-021,RCP 8.5,2080,0.6,0.80419575,1
DEMO-01-021,RCP 8.5,2090,0.7875,0.85241087,1
DEMO-01-021,RCP 8.5,2100,1.0,0.89473061,1
DEMO-01-022,RCP 2.6,2020,0.0,0.0012542,1
DEMO-01-022,RCP 2.6,2030,0.028906,0.00132179,1
DEMO-01-022,RCP 2.6,2040,0.065625,0.00141292,1
DEMO-01-022,RCP 2.6,2050,0.110156,0.0015319,1
DEMO-01-022,RCP 2.6,2060,0.1625,0.00168459,1
DEMO-01-022,RCP 2.6,2070,0.222656,0.00187893,1
DEMO-01-022,RCP 2.6,2080,0.290625,0.00212556,1
DEMO-01-022,RCP 2.6,2090,0.366406,0.0024388,1
DEMO-01-022,RCP 2.6,2100,0.45,0.00283799,1
DEMO-01-022,RCP 4.5,2020,0.0,0.0012542,1
DEMO-01-022,RCP 4.5,2030,0.032031,0.00132931,1
DEMO-01-022,RCP 4.5,2040,0.078125,0.00144535,1
DEMO-01-022,RCP 4.5,2050,0.138281,0.00161214,1
DEMO-01-022,RCP 4.5,2060,0.2125,0.00184462,1
DEMO-01-022,RCP 4.5,2070,0.300781,0.00216509,1
DEMO-01-022,RCP 4.5,2080,0.403125,0.00260674,1
DEMO-01-022,RCP 4.5,2090,0.519531,0.0032192,1
DEMO-01-022,RCP 4.5,2100,0.65,0.00407751,1
DEMO-01-022,RCP 8.5,2020,0.0,0.0012542,1
DEMO-01-022,RCP 8.5,2030,0.0375,0.00134258,1
DEMO-01-022,RCP 8.5,2040,0.1,0.00150391,1
DEMO-01-022,RCP 8.5,2050,0.1875,0.00176279,1
DEMO-01-022,RCP 8.5,2060,0.3,0.00216203,1
DEMO-01-022,RCP 8.5,2070,0.4375,0.00277439,1
DEMO-01-022,RCP 8.5,2080,0.6,0.0037245,1
DEMO-01-022,RCP 8.5,2090,0.7875,0.00522958,1
DEMO-01-022,RCP 8.5,2100,1.0,0.00767701,1
DEMO-01-023,RCP 2.6,2020,0.0,0.00912769,1
DEMO-01-023,RCP 2.6,2030,0.028906,0.00961551,1
DEMO-01-023,RCP 2.6,2040,0.065625,0.01027255,1
DEMO-01-023,RCP 2.6,2050,0.110156,0.01112923,1
DEMO-01-023,RCP 2.6,2060,0.1625,0.01222686,1
DEMO-01-023,RCP 2.6,2070,0.222656,0.0136208,1
DEMO-01-023,RCP 2.6,2080,0.290625,0.01538491,1
DEMO-01-023,RCP 2.6,2090,0.366406,0.01761765,1
DEMO-01-023,RCP 2.6,2100,0.45,0.02045039,1
DEMO-01-023,RCP 4.5,2020,0.0,0.00912769,1
DEMO-01-023,RCP 4.5,2030,0.032031,0.00966977,1
DEMO-01-023,RCP 4.5,2040,0.078125,0.01050621,1
DEMO-01-023,RCP 4.5,2050,0.138281,0.01170631,1
DEMO-01-023,RCP 4.5,2060,0.2125,0.01337492,1
DEMO-01-023,RCP 4.5,2070,0.300781,0.01566715,1
DEMO-01-023,RCP 4.5,2080,0.403125,0.01881109,1
DEMO-01-023,RCP 4.5,2090,0.519531,0.02314249,1
DEMO-01-023,RCP 4.5,2100,0.65,0.02915743,1
DEMO-01-023,RCP 8.5,2020,0.0,0.00912769,1
DEMO-01-023,RCP 8.5,2030,0.0375,0.00976545,1
DEMO-01-023,RCP 8.5,2040,0.1,0.01092783,1
DEMO-01-023,RCP 8.5,2050,0.1875,0.01278818,1
DEMO-01-023,RCP 8.5,2060,0.3,0.01564526,1
DEMO-01-023,RCP 8.5,2070,0.4375,0.02000004,1
DEMO-01-023,RCP 8.5,2080,0.6,0.0266913,1
DEMO-01-023,RCP 8.5,2090,0.7875,0.03713138,1
DEMO-01-023,RCP 8.5,2100,1.0,0.05370283,1
DEMO-01-024,RCP 2.6,2020,0.0,0.00370432,1
DEMO-01-024,RCP 2.6,2030,0.028906,0.00390343,1
DEMO-01-024,RCP 2.6,2040,0.065625,0.0041718,1
DEMO-01-024,RCP 2.6,2050,0.110156,0.00452203,1
DEMO-01-024,RCP 2.6,2060,0.1625,0.0049713,1
DEMO-01-024,RCP 2.6,2070,0.222656,0.0055427,1
DEMO-01-024,RCP 2.6,2080,0.290625,0.00626721,1
DEMO-01-024,RCP 2.6,2090,0.366406,0.0071864,1
DEMO-01-024,RCP 2.6,2100,0.45,0.00835617,1
DEMO-01-024,RCP 4.5,2020,0.0,0.00370432,1
DEMO-01-024,RCP 4.5,2030,0.032031,0.00392558,1
DEMO-01-024,RCP 4.5,2040,0.078125,0.00426729,1
DEMO-01-024,RCP 4.5,2050,0.138281,0.00475816,1
DEMO-01-024,RCP 4.5,2060,0.2125,0.00544184,1
DEMO-01-024,RCP 4.5,2070,0.300781,0.00638327,1
DEMO-01-024,RCP 4.5,2080,0.403125,0.00767874,1
DEMO-01-024,RCP 4.5,2090,0.519531,0.00947158,1
DEMO-01-024,RCP 4.5,2100,0.65,0.01197689,1
DEMO-01-024,RCP 8.5,2020,0.0,0.00370432,1
DEMO-01-024,RCP 8.5,2030,0.0375,0.00396466,1
DEMO-01-024,RCP 8.5,2040,0.1,0.00443966,1
DEMO-01-024,RCP 8.5,2050,0.1875,0.00520128,1
DEMO-01-024,RCP 8.5,2060,0.3,0.00637427,1
DEMO-01-024,RCP 8.5,2070,0.4375,0.00816993,1
DEMO-01-024,RCP 8.5,2080,0.6,0.0109475,1
DEMO-01-024,RCP 8.5,2090,0.7875,0.01532649,1
DEMO-01-024,RCP 8.5,2100,1.0,0.02239291,1
DEMO-02-001,RCP 2.6,2020,0.0,0.06843962,1
DEMO-02-001,RCP 2.6,2030,0.028906,0.07186737,1
DEMO-02-001,RCP 2.6,2040,0.065625,0.0764498,1
DEMO-02-001,RCP 2.6,2050,0.110156,0.08236607,1
DEMO-02-001,RCP 2.6,2060,0.1625,0.08985108,1
DEMO-02-001,RCP 2.6,2070,0.222656,0.09920587,1
DEMO-02-001,RCP 2.6,2080,0.290625,0.1108094,1
DEMO-02-001,RCP 2.6,2090,0.366406,0.12513068,1
DEMO-02-001,RCP 2.6,2100,0.45,0.14273868,1
DEMO-02-001,RCP 4.5,2020,0.0,0.06843962,1
DEMO-02-001,RCP 4.5,2030,0.032031,0.07224729,1
DEMO-02-001,RCP 4.5,2040,0.078125,0.07806999,1
DEMO-02-001,RCP 4.5,2050,0.138281,0.08631451,1
DEMO-02-001,RCP 4.5,2060,0.2125,0.09756785,1
DEMO-02-001,RCP 4.5,2070,0.300781,0.11264198,1
DEMO-02-001,RCP 4.5,2080,0.403125,0.132624,1
DEMO-02-001,RCP 4.5,2090,0.519531,0.1589172,1
DEMO-02-001,RCP 4.5,2100,0.65,0.19324037,1
DEMO-02-001,RCP 8.5,2020,0.0,0.06843962,1
DEMO-02-001,RCP 8.5,2030,0.0375,0.0729166,1
DEMO-02-001,RCP 8.5,2040,0.1,0.0809811,1
DEMO-02-001,RCP 8.5,2050,0.1875,0.09363821,1
DEMO-02-001,RCP 8.5,2060,0.3,0.11250008,1
DEMO-02-001,RCP 8.5,2070,0.4375,0.13998019,1
DEMO-02-001,RCP 8.5,2080,0.6,0.17946152,1
DEMO-02-001,RCP 8.5,2090,0.7875,0.23521569,1
DEMO-02-001,RCP 8.5,2100,1.0,0.31158337,1
DEMO-02-002,RCP 2.6,2020,0.0,0.01024255,1
DEMO-02-002,RCP 2.6,2030,0.028906,0.0107893,1
DEMO-02-002,RCP 2.6,2040,0.065625,0.01152561,1
DEMO-02-002,RCP 2.6,2050,0.110156,0.01248548,1
DEMO-02-002,RCP 2.6,2060,0.1625,0.01371501,1
DEMO-02-002,RCP 2.6,2070,0.222656,0.01527598,1
DEMO-02-002,RCP 2.6,2080,0.290625,0.01725072,1
DEMO-02-002,RCP 2.6,2090,0.366406,0.0197488,1
DEMO-02-002,RCP 2.6,2100,0.45,0.02291622,1
DEMO-02-002,RCP 4.5,2020,0.0,0.01024255,1
DEMO-02-002,RCP 4.5,2030,0.032031,0.01085011,1
DEMO-02-002,RCP 4.5,2040,0.078125,0.01178744,1
DEMO-02-002,RCP 4.5,2050,0.138281,0.01313194,1
DEMO-02-002,RCP 4.5,2060,0.2125,0.01500068,1
DEMO-02-002,RCP 4.5,2070,0.300781,0.01756658,1
DEMO-02-002,RCP 4.5,2080,0.403125,0.02108352,1
DEMO-02-002,RCP 4.5,2090,0.519531,0.02592434,1
DEMO-02-002,RCP 4.5,2100,0.65,0.03263815,1
DEMO-02-002,RCP 8.5,2020,0.0,0.01024255,1
DEMO-02-002,RCP 8.5,2030,0.0375,0.01095735,1
DEMO-02-002,RCP 8.5,2040,0.1,0.01225984,1
DEMO-02-002,RCP 8.5,2050,0.1875,0.01434366,1
DEMO-02-002,RCP 8.5,2060,0.3,0.01754209,1
DEMO-02-002,RCP 8.5,2070,0.4375,0.02241282,1
DEMO-02-002,RCP 8.5,2080,0.6,0.02988668,1
DEMO-02-002,RCP 8.5,2090,0.7875,0.04152329,1
DEMO-02-002,RCP 8.5,2100,1.0,0.05993281,1
DEMO-02-003,RCP 2.6,2020,0.0,0.0090133,1
DEMO-02-003,RCP 2.6,2030,0.028906,0.00949506,1
DEMO-02-003,RCP 2.6,2040,0.065625,0.01014395,1
DEMO-02-003,RCP 2.6,2050,0.110156,0.01099003,1
DEMO-02-003,RCP 2.6,2060,0.1625,0.01207409,1
DEMO-02-003,RCP 2.6,2070,0.222656,0.01345086,1
DEMO-02-003,RCP 2.6,2080,0.290625,0.0151933,1
DEMO-02-003,RCP 2.6,2090,0.366406,0.01739872,1
DEMO-02-003,RCP 2.6,2100,0.45,0.02019699,1
DEMO-02-003,RCP 4.5,2020,0.0,0.0090133,1
DEMO-02-003,RCP 4.5,2030,0.032031,0.00954865,1
DEMO-02-003,RCP 4.5,2040,0.078125,0.01037472,1
DEMO-02-003,RCP 4.5,2050,0.138281,0.01155997,1
DEMO-02-003,RCP 4.5,2060,0.2125,0.013208,1
DEMO-02-003,RCP 4.5,2070,0.300781,0.01547208,1
DEMO-02-003,RCP 4.5,2080,0.403125,0.01857762,1
DEMO-02-003,RCP 4.5,2090,0.519531,0.02285651,1
DEMO-02-003,RCP 4.5,2100,0.65,0.02879931,1
DEMO-02-003,RCP 8.5,2020,0.0,0.0090133,1
DEMO-02-003,RCP 8.5,2030,0.0375,0.00964314,1
DEMO-02-003,RCP 8.5,2040,0.1,0.01079112,1
DEMO-02-003,RCP 8.5,2050,0.1875,0.01262849,1
DEMO-02-003,RCP 8.5,2060,0.3,0.01545046,1
DEMO-02-003,RCP 8.5,2070,0.4375,0.0197521,1
DEMO-02-003,RCP 8.5,2080,0.6,0.02636264,1
DEMO-02-003,RCP 8.5,2090,0.7875,0.03667902,1
DEMO-02-003,RCP 8.5,2100,1.0,0.05305971,1
DEMO-02-004,RCP 2.6,2020,0.0,0.16951184,1
DEMO-02-004,RCP 2.6,2030,0.028906,0.17703968,1
DEMO-02-004,RCP 2.6,2040,0.065625,0.18697716,1
DEMO-02-004,RCP 2.6,2050,0.110156,0.19959831,1
DEMO-02-004,RCP 2.6,2060,0.1625,0.21523795,1
DEMO-02-004,RCP 2.6,2070,0.222656,0.23428686,1
DEMO-02-004,RCP 2.6,2080,0.290625,0.25717918,1
DEMO-02-004,RCP 2.6,2090,0.366406,0.28436783,1
DEMO-02-004,RCP 2.6,2100,0.45,0.31628248,1
DEMO-02-004,RCP 4.5,2020,0.0,0.16951184,1
DEMO-02-004,RCP 4.5,2030,0.032031,0.17786902,1
DEMO-02-004,RCP 4.5,2040,0.078125,0.19045669,1
DEMO-02-004,RCP 4.5,2050,0.138281,0.20789341,1
DEMO-02-004,RCP 4.5,2060,0.2125,0.23099041,1
DEMO-02-004,RCP 4.5,2070,0.300781,0.26072266,1
DEMO-02-004,RCP 4.5,2080,0.403125,0.2981472,1
DEMO-02-004,RCP 4.5,2090,0.519531,0.34423258,1
DEMO-02-004,RCP 4.5,2100,0.65,0.39956625,1
DEMO-02-004,RCP 8.5,2020,0.0,0.16951184,1
DEMO-02-004,RCP 8.5,2030,0.0375,0.17932769,1
DEMO-02-004,RCP 8.5,2040,0.1,0.19666458,1
DEMO-02-004,RCP 8.5,2050,0.1875,0.22301503,1
DEMO-02-004,RCP 8.5,2060,0.3,0.26044896,1
DEMO-02-004,RCP 8.5,2070,0.4375,0.31138841,1
DEMO-02-004,RCP 8.5,2080,0.6,0.37796804,1
DEMO-02-004,RCP 8.5,2090,0.7875,0.46076266,1
DEMO-02-004,RCP 8.5,2100,1.0,0.55702355,1
DEMO-02-005,RCP 2.6,2020,0.0,0.00097793,1
DEMO-02-005,RCP 2.6,2030,0.028906,0.00103065,1
DEMO-02-005,RCP 2.6,2040,0.065625,0.00110173,1
DEMO-02-005,RCP 2.6,2050,0.110156,0.00119453,1
DEMO-02-005,RCP 2.6,2060,0.1625,0.00131364,1
DEMO-02-005,RCP 2.6,2070,0.222656,0.00146525,1
DEMO-02-005,RCP 2.6,2080,0.290625,0.00165767,1
DEMO-02-005,RCP 2.6,2090,0.366406,0.00190209,1
DEMO-02-005,RCP 2.6,2100,0.45,0.00221362,1
DEMO-02-005,RCP 4.5,2020,0.0,0.00097793,1
DEMO-02-005,RCP 4.5,2030,0.032031,0.00103652,1
DEMO-02-005,RCP 4.5,2040,0.078125,0.00112703,1
DEMO-02-005,RCP 4.5,2050,0.138281,0.00125712,1
DEMO-02-005,RCP 4.5,2060,0.2125,0.00143848,1
DEMO-02-005,RCP 4.5,2070,0.300781,0.00168851,1
DEMO-02-005,RCP 4.5,2080,0.403125,0.00203314,1
DEMO-02-005,RCP 4.5,2090,0.519531,0.00251118,1
DEMO-02-005,RCP 4.5,2100,0.65,0.00318132,1
DEMO-02-005,RCP 8.5,2020,0.0,0.00097793,1
DEMO-02-005,RCP 8.5,2030,0.0375,0.00104686,1
DEMO-02-005,RCP 8.5,2040,0.1,0.0011727,1
DEMO-02-005,RCP 8.5,2050,0.1875,0.00137465,1
DEMO-02-005,RCP 8.5,2060,0.3,0.00168612,1
DEMO-02-005,RCP 8.5,2070,0.4375,0.00216399,1
DEMO-02-005,RCP 8.5,2080,0.6,0.00290567,1
DEMO-02-005,RCP 8.5,2090,0.7875,0.00408121,1
DEMO-02-005,RCP 8.5,2100,1.0,0.00599445,1
DEMO-02-006,RCP 2.6,2020,0.0,0.42555748,1
DEMO-02-006,RCP 2.6,2030,0.028906,0.43845292,1
DEMO-02-006,RCP 2.6,2040,0.065625,0.45495203,1
DEMO-02-006,RCP 2.6,2050,0.110156,0.47509166,1
DEMO-02-006,RCP 2.6,2060,0.1625,0.49886364,1
DEMO-02-006,RCP 2.6,2070,0.222656,0.52618341,1
DEMO-02-006,RCP 2.6,2080,0.290625,0.55685531,1
DEMO-02-006,RCP 2.6,2090,0.366406,0.5905388,1
DEMO-02-006,RCP 2.6,2100,0.45,0.62672252,1
DEMO-02-006,RCP 4.5,2020,0.0,0.42555748,1
DEMO-02-006,RCP 4.5,2030,0.032031,0.43985234,1
DEMO-02-006,RCP 4.5,2040,0.078125,0.46059326,1
DEMO-02-006,RCP 4.5,2050,0.138281,0.4878575,1
DEMO-02-006,RCP 4.5,2060,0.2125,0.5215775,1
DEMO-02-006,RCP 4.5,2070,0.300781,0.56140718,1
DEMO-02-006,RCP 4.5,2080,0.403125,0.60657897,1
DEMO-02-006,RCP 4.5,2090,0.519531,0.65579307,1
DEMO-02-006,RCP 4.5,2100,0.65,0.70719885,1
DEMO-02-006,RCP 8.5,2020,0.0,0.42555748,1
DEMO-02-006,RCP 8.5,2030,0.0375,0.44230361,1
DEMO-02-006,RCP 8.5,2040,0.1,0.47048889,1
DEMO-02-006,RCP 8.5,2050,0.1875,0.51022585,1
DEMO-02-006,RCP 8.5,2060,0.3,0.5610574,1
DEMO-02-006,RCP 8.5,2070,0.4375,0.62139054,1
DEMO-02-006,RCP 8.5,2080,0.6,0.6880265,1
DEMO-02-006,RCP 8.5,2090,0.7875,0.75617428,1
DEMO-02-006,RCP 8.5,2100,1.0,0.82027059,1
DEMO-02-007,RCP 2.6,2020,0.0,0.16849046,1
DEMO-02-007,RCP 2.6,2030,0.028906,0.17598256,1
DEMO-02-007,RCP 2.6,2040,0.065625,0.1858741,1
DEMO-02-007,RCP 2.6,2050,0.110156,0.19843897,1
DEMO-02-007,RCP 2.6,2060,0.1625,0.21401206,1
DEMO-02-007,RCP 2.6,2070,0.222656,0.23298468,1
DEMO-02-007,RCP 2.6,2080,0.290625,0.25579227,1
DEMO-02-007,RCP 2.6,2090,0.366406,0.28289013,1
DEMO-02-007,RCP 2.6,2100,0.45,0.31471188,1
DEMO-02-007,RCP 4.5,2020,0.0,0.16849046,1
DEMO-02-007,RCP 4.5,2030,0.032031,0.17680801,1
DEMO-02-007,RCP 4.5,2040,0.078125,0.18933788,1
DEMO-02-007,RCP 4.5,2050,0.138281,0.20669833,1
DEMO-02-007,RCP 4.5,2060,0.2125,0.22970105,1
DEMO-02-007,RCP 4.5,2070,0.300781,0.25932331,1
DEMO-02-007,RCP 4.5,2080,0.403125,0.29662758,1
DEMO-02-007,RCP 4.5,2090,0.519531,0.34259273,1
DEMO-02-007,RCP 4.5,2100,0.65,0.39782271,1
DEMO-02-007,RCP 8.5,2020,0.0,0.16849046,1
DEMO-02-007,RCP 8.5,2030,0.0375,0.17825986,1
DEMO-02-007,RCP 8.5,2040,0.1,0.19551811,1
DEMO-02-007,RCP 8.5,2050,0.1875,0.22175736,1
DEMO-02-007,RCP 8.5,2060,0.3,0.25905057,1
DEMO-02-007,RCP 8.5,2070,0.4375,0.30983109,1
DEMO-02-007,RCP 8.5,2080,0.6,0.37625969,1
DEMO-02-007,RCP 8.5,2090,0.7875,0.4589562,1
DEMO-02-007,RCP 8.5,2100,1.0,0.55522828,1
DEMO-02-008,RCP 2.6,2020,0.0,0.04155948,1
DEMO-02-008,RCP 2.6,2030,0.028906,0.04370412,1
DEMO-02-008,RCP 2.6,2040,0.065625,0.04658092,1
DEMO-02-008,RCP 2.6,2050,0.110156,0.05031163,1
DEMO-02-008,RCP 2.6,2060,0.1625,0.05505847,1
DEMO-02-008,RCP 2.6,2070,0.222656,0.06103377,1
DEMO-02-008,RCP 2.6,2080,0.290625,0.06851211,1
DEMO-02-008,RCP 2.6,2090,0.366406,0.07784536,1
DEMO-02-008,RCP 2.6,2100,0.45,0.08948006,1
DEMO-02-008,RCP 4.5,2020,0.0,0.04155948,1
DEMO-02-008,RCP 4.5,2030,0.032031,0.0439422,1
DEMO-02-008,RCP 4.5,2040,0.078125,0.04760072,1
DEMO-02-008,RCP 4.5,2050,0.138281,0.05281189,1
DEMO-02-008,RCP 4.5,2060,0.2125,0.05998405,1
DEMO-02-008,RCP 4.5,2070,0.300781,0.0697,1
DEMO-02-008,RCP 4.5,2080,0.403125,0.08277496,1
DEMO-02-008,RCP 4.5,2090,0.519531,0.10032853,1
DEMO-02-008,RCP 4.5,2100,0.65,0.12386112,1
DEMO-02-008,RCP 8.5,2020,0.0,0.04155948,1
DEMO-02-008,RCP 8.5,2030,0.0375,0.04436183,1
DEMO-02-008,RCP 8.5,2040,0.1,0.04943661,1
DEMO-02-008,RCP 8.5,2050,0.1875,0.05747173,1
DEMO-02-008,RCP 8.5,2060,0.3,0.06960795,1
DEMO-02-008,RCP 8.5,2070,0.4375,0.08764559,1
DEMO-02-008,RCP 8.5,2080,0.6,0.11432825,1
DEMO-02-008,RCP 8.5,2090,0.7875,0.15363596,1
DEMO-02-008,RCP 8.5,2100,1.0,0.21081829,1
DEMO-02-009,RCP 2.6,2020,0.0,0.00131484,1
DEMO-02-009,RCP 2.6,2030,0.028906,0.00138569,1
DEMO-02-009,RCP 2.6,2040,0.065625,0.00148122,1
DEMO-02-009,RCP 2.6,2050,0.110156,0.00160593,1
DEMO-02-009,RCP 2.6,2060,0.1625,0.001766,1
DEMO-02-009,RCP 2.6,2070,0.222656,0.00196971,1
DEMO-02-009,RCP 2.6,2080,0.290625,0.00222823,1
DEMO-02-009,RCP 2.6,2090,0.366406,0.00255656,1
DEMO-02-009,RCP 2.6,2100,0.45,0.00297496,1
DEMO-02-009,RCP 4.5,2020,0.0,0.00131484,1
DEMO-02-009,RCP 4.5,2030,0.032031,0.00139357,1
DEMO-02-009,RCP 4.5,2040,0.078125,0.00151521,1
DEMO-02-009,RCP 4.5,2050,0.138281,0.00169005,1
DEMO-02-009,RCP 4.5,2060,0.2125,0.00193374,1
DEMO-02-009,RCP 4.5,2070,0.300781,0.00226966,1
DEMO-02-009,RCP 4.5,2080,0.403125,0.00273258,1
DEMO-02-009,RCP 4.5,2090,0.519531,0.00337451,1
DEMO-02-009,RCP 4.5,2100,0.65,0.00427405,1
DEMO-02-009,RCP 8.5,2020,0.0,0.00131484,1
DEMO-02-009,RCP 8.5,2030,0.0375,0.00140748,1
DEMO-02-009,RCP 8.5,2040,0.1,0.0015766,1
DEMO-02-009,RCP 8.5,2050,0.1875,0.00184797,1
DEMO-02-009,RCP 8.5,2060,0.3,0.00226645,1
DEMO-02-009,RCP 8.5,2070,0.4375,0.0029083,1
DEMO-02-009,RCP 8.5,2080,0.6,0.00390409,1
DEMO-02-009,RCP 8.5,2090,0.7875,0.00548134,1
DEMO-02-009,RCP 8.5,2100,1.0,0.00804565,1
DEMO-02-010,RCP 2.6,2020,0.0,0.36354746,1
DEMO-02-010,RCP 2.6,2030,0.028906,0.37579309,1
DEMO-02-010,RCP 2.6,2040,0.065625,0.39157852,1
DEMO-02-010,RCP 2.6,2050,0.110156,0.41102834,1
DEMO-02-010,RCP 2.6,2060,0.1625,0.43424666,1
DEMO-02-010,RCP 2.6,2070,0.222656,0.46128504,1
DEMO-02-010,RCP 2.6,2080,0.290625,0.49210293,1
DEMO-02-010,RCP 2.6,2090,0.366406,0.52652337,1
DEMO-02-010,RCP 2.6,2100,0.45,0.56418929,1
DEMO-02-010,RCP 4.5,2020,0.0,0.36354746,1
DEMO-02-010,RCP 4.5,2030,0.032031,0.37712683,1
DEMO-02-010,RCP 4.5,2040,0.078125,0.39700631,1
DEMO-02-010,RCP 4.5,2050,0.138281,0.42346149,1
DEMO-02-010,RCP 4.5,2060,0.2125,0.45669965,1
DEMO-02-010,RCP 4.5,2070,0.300781,0.4967188,1
DEMO-02-010,RCP 4.5,2080,0.403125,0.54313117,1
DEMO-02-010,RCP 4.5,2090,0.519531,0.59498263,1
DEMO-02-010,RCP 4.5,2100,0.65,0.65063195,1
DEMO-02-010,RCP 8.5,2020,0.0,0.36354746,1
DEMO-02-010,RCP 8.5,2030,0.0375,0.37946534,1
DEMO-02-010,RCP 8.5,2040,0.1,0.4065655,1
DEMO-02-010,RCP 8.5,2050,0.1875,0.44544532,1
DEMO-02-010,RCP 8.5,2060,0.3,0.4963637,1
DEMO-02-010,RCP 8.5,2070,0.4375,0.55859319,1
DEMO-02-010,RCP 8.5,2080,0.6,0.62969512,1
DEMO-02-010,RCP 8.5,2090,0.7875,0.70512388,1
DEMO-02-010,RCP 8.5,2100,1.0,0.77871296,1
DEMO-02-011,RCP 2.6,2020,0.0,0.01027948,1
DEMO-02-011,RCP 2.6,2030,0.028906,0.01082818,1
DEMO-02-011,RCP 2.6,2040,0.065625,0.01156712,1
DEMO-02-011,RCP 2.6,2050,0.110156,0.01253039,1
DEMO-02-011,RCP 2.6,2060,0.1625,0.01376429,1
DEMO-02-011,RCP 2.6,2070,0.222656,0.01533078,1
DEMO-02-011,RCP 2.6,2080,0.290625,0.01731248,1
DEMO-02-011,RCP 2.6,2090,0.366406,0.01981932,1
DEMO-02-011,RCP 2.6,2100,0.45,0.02299779,1
DEMO-02-011,RCP 4.5,2020,0.0,0.01027948,1
DEMO-02-011,RCP 4.5,2030,0.032031,0.01088921,1
DEMO-02-011,RCP 4.5,2040,0.078125,0.01182987,1
DEMO-02-011,RCP 4.5,2050,0.138281,0.01317915,1
DEMO-02-011,RCP 4.5,2060,0.2125,0.0150545,1
DEMO-02-011,RCP 4.5,2070,0.300781,0.01762945,1
DEMO-02-011,RCP 4.5,2080,0.403125,0.0211587,1
DEMO-02-011,RCP 4.5,2090,0.519531,0.02601632,1
DEMO-02-011,RCP 4.5,2100,0.65,0.03275315,1
DEMO-02-011,RCP 8.5,2020,0.0,0.01027948,1
DEMO-02-011,RCP 8.5,2030,0.0375,0.01099683,1
DEMO-02-011,RCP 8.5,2040,0.1,0.01230395,1
DEMO-02-011,RCP 8.5,2050,0.1875,0.01439516,1
DEMO-02-011,RCP 8.5,2060,0.3,0.01760487,1
DEMO-02-011,RCP 8.5,2070,0.4375,0.02249263,1
DEMO-02-011,RCP 8.5,2080,0.6,0.02999229,1
DEMO-02-011,RCP 8.5,2090,0.7875,0.04166825,1
DEMO-02-011,RCP 8.5,2100,1.0,0.06013801,1
DEMO-02-012,RCP 2.6,2020,0.0,0.59781367,1
DEMO-02-012,RCP 2.6,2030,0.028906,0.61038253,1
DEMO-02-012,RCP 2.6,2040,0.065625,0.62613748,1
DEMO-02-012,RCP 2.6,2050,0.110156,0.64488899,1
DEMO-02-012,RCP 2.6,2060,0.1625,0.66637127,1
DEMO-02-012,RCP 2.6,2070,0.222656,0.69022966,1
DEMO-02-012,RCP 2.6,2080,0.290625,0.71601358,1
DEMO-02-012,RCP 2.6,2090,0.366406,0.74317885,1
DEMO-02-012,RCP 2.6,2100,0.45,0.77110223,1
DEMO-02-012,RCP 4.5,2020,0.0,0.59781367,1
DEMO-02-012,RCP 4.5,2030,0.032031,0.61173291,1
DEMO-02-012,RCP 4.5,2040,0.078125,0.63144225,1
DEMO-02-012,RCP 4.5,2050,0.138281,0.65651094,1
DEMO-02-012,RCP 4.5,2060,0.2125,0.68626761,1
DEMO-02-012,RCP 4.5,2070,0.300781,0.71975338,1
DEMO-02-012,RCP 4.5,2080,0.403125,0.75571305,1
DEMO-02-012,RCP 4.5,2090,0.519531,0.79264874,1
DEMO-02-012,RCP 4.5,2100,0.65,0.82894686,1
DEMO-02-012,RCP 8.5,2020,0.0,0.59781367,1
DEMO-02-012,RCP 8.5,2030,0.0375,0.61409193,1
DEMO-02-012,RCP 8.5,2040,0.1,0.64064894,1
DEMO-02-012,RCP 8.5,2050,0.1875,0.67639919,1
DEMO-02-012,RCP 8.5,2060,0.3,0.71946678,1
DEMO-02-012,RCP 8.5,2070,0.4375,0.76706609,1
DEMO-02-012,RCP 8.5,2080,0.6,0.81566857,1
DEMO-02-012,RCP 8.5,2090,0.7875,0.86154499,1
DEMO-02-012,RCP 8.5,2100,1.0,0.90154811,1
DEMO-02-013,RCP 2.6,2020,0.0,0.02416987,1
DEMO-02-013,RCP 2.6,2030,0.028906,0.02544095,1
DEMO-02-013,RCP 2.6,2040,0.065625,0.02714972,1
DEMO-02-013,RCP 2.6,2050,0.110156,0.02937211,1
DEMO-02-013,RCP 2.6,2060,0.1625,0.03221034,1
DEMO-02-013,RCP 2.6,2070,0.222656,0.03579995,1
DEMO-02-013,RCP 2.6,2080,0.290625,0.04031921,1
DEMO-02-013,RCP 2.6,2090,0.366406,0.04600148,1
DEMO-02-013,RCP 2.6,2100,0.45,0.05315114,1
DEMO-02-013,RCP 4.5,2020,0.0,0.02416987,1
DEMO-02-013,RCP 4.5,2030,0.032031,0.0255822,1
DEMO-02-013,RCP 4.5,2040,0.078125,0.0277565,1
DEMO-02-013,RCP 4.5,2050,0.138281,0.03086559,1
DEMO-02-013,RCP 4.5,2060,0.2125,0.03516797,1
DEMO-02-013,RCP 4.5,2070,0.300781,0.04103982,1
DEMO-02-013,RCP 4.5,2080,0.403125,0.04902174,1
DEMO-02-013,RCP 4.5,2090,0.519531,0.05988481,1
DEMO-02-013,RCP 4.5,2100,0.65,0.07471896,1
DEMO-02-013,RCP 8.5,2020,0.0,0.02416987,1
DEMO-02-013,RCP 8.5,2030,0.0375,0.02583124,1
DEMO-02-013,RCP 8.5,2040,0.1,0.0288502,1
DEMO-02-013,RCP 8.5,2050,0.1875,0.03365782,1
DEMO-02-013,RCP 8.5,2060,0.3,0.04098395,1
DEMO-02-013,RCP 8.5,2070,0.4375,0.05201891,1
DEMO-02-013,RCP 8.5,2080,0.6,0.06867182,1
DEMO-02-013,RCP 8.5,2090,0.7875,0.09394729,1
DEMO-02-013,RCP 8.5,2100,1.0,0.13238887,1
DEMO-02-014,RCP 2.6,2020,0.0,0.08541809,1
DEMO-02-014,RCP 2.6,2030,0.028906,0.0896144,1
DEMO-02-014,RCP 2.6,2040,0.065625,0.09521232,1
DEMO-02-014,RCP 2.6,2050,0.110156,0.10241956,1
DEMO-02-014,RCP 2.6,2060,0.1625,0.1115055,1
DEMO-02-014,RCP 2.6,2070,0.222656,0.12281061,1
DEMO-02-014,RCP 2.6,2080,0.290625,0.13675589,1
DEMO-02-014,RCP 2.6,2090,0.366406,0.15385034,1
DEMO-02-014,RCP 2.6,2100,0.45,0.17469271,1
DEMO-02-014,RCP 4.5,2020,0.0,0.08541809,1
DEMO-02-014,RCP 4.5,2030,0.032031,0.09007902,1
DEMO-02-014,RCP 4.5,2040,0.078125,0.0971883,1
DEMO-02-014,RCP 4.5,2050,0.138281,0.10721701,1
DEMO-02-014,RCP 4.5,2060,0.2125,0.12083512,1
DEMO-02-014,RCP 4.5,2070,0.300781,0.13895052,1
DEMO-02-014,RCP 4.5,2080,0.403125,0.16274358,1
DEMO-02-014,RCP 4.5,2090,0.519531,0.19367478,1
DEMO-02-014,RCP 4.5,2100,0.65,0.23342157,1
DEMO-02-014,RCP 8.5,2020,0.0,0.08541809,1
DEMO-02-014,RCP 8.5,2030,0.0375,0.09089734,1
DEMO-02-014,RCP 8.5,2040,0.1,0.10073442,1
DEMO-02-014,RCP 8.5,2050,0.1875,0.11608892,1
DEMO-02-014,RCP 8.5,2060,0.3,0.13878066,1
DEMO-02-014,RCP 8.5,2070,0.4375,0.17144019,1
DEMO-02-014,RCP 8.5,2080,0.6,0.21755022,1
DEMO-02-014,RCP 8.5,2090,0.7875,0.28108401,1
DEMO-02-014,RCP 8.5,2100,1.0,0.36523189,1
DEMO-02-015,RCP 2.6,2020,0.0,0.00489543,1
DEMO-02-015,RCP 2.6,2030,0.028906,0.00515824,1
DEMO-02-015,RCP 2.6,2040,0.065625,0.0055124,1
DEMO-02-015,RCP 2.6,2050,0.110156,0.00597451,1
DEMO-02-015,RCP 2.6,2060,0.1625,0.00656712,1
DEMO-02-015,RCP 2.6,2070,0.222656,0.0073206,1
DEMO-02-015,RCP 2.6,2080,0.290625,0.00827558,1
DEMO-02-015,RCP 2.6,2090,0.366406,0.00948651,1
DEMO-02-015,RCP 2.6,2100,0.45,0.01102653,1
DEMO-02-015,RCP 4.5,2020,0.0,0.00489543,1
DEMO-02-015,RCP 4.5,2030,0.032031,0.00518748,1
DEMO-02-015,RCP 4.5,2040,0.078125,0.0056384,1
DEMO-02-015,RCP 4.5,2050,0.138281,0.006286,1
DEMO-02-015,RCP 4.5,2060,0.2125,0.00718762,1
DEMO-02-015,RCP 4.5,2070,0.300781,0.00842851,1
DEMO-02-015,RCP 4.5,2080,0.403125,0.01013483,1
DEMO-02-015,RCP 4.5,2090,0.519531,0.01249389,1
DEMO-02-015,RCP 4.5,2100,0.65,0.01578589,1
DEMO-02-015,RCP 8.5,2020,0.0,0.00489543,1
DEMO-02-015,RCP 8.5,2030,0.0375,0.00523904,1
DEMO-02-015,RCP 8.5,2040,0.1,0.00586584,1
DEMO-02-015,RCP 8.5,2050,0.1875,0.00687042,1
DEMO-02-015,RCP 8.5,2060,0.3,0.00841665,1
DEMO-02-015,RCP 8.5,2070,0.4375,0.01078142,1
DEMO-02-015,RCP 8.5,2080,0.6,0.0144339,1
DEMO-02-015,RCP 8.5,2090,0.7875,0.020179,1
DEMO-02-015,RCP 8.5,2100,1.0,0.02941587,1
DEMO-02-016,RCP 2.6,2020,0.0,0.00420498,1
DEMO-02-016,RCP 2.6,2030,0.028906,0.00443088,1
DEMO-02-016,RCP 2.6,2040,0.065625,0.00473534,1
DEMO-02-016,RCP 2.6,2050,0.110156,0.00513264,1
DEMO-02-016,RCP 2.6,2060,0.1625,0.00564223,1
DEMO-02-016,RCP 2.6,2070,0.222656,0.00629026,1
DEMO-02-016,RCP 2.6,2080,0.290625,0.00711179,1
DEMO-02-016,RCP 2.6,2090,0.366406,0.00815384,1
DEMO-02-016,RCP 2.6,2100,0.45,0.00947958,1
DEMO-02-016,RCP 4.5,2020,0.0,0.00420498,1
DEMO-02-016,RCP 4.5,2030,0.032031,0.00445602,1
DEMO-02-016,RCP 4.5,2040,0.078125,0.00484367,1
DEMO-02-016,RCP 4.5,2050,0.138281,0.00540048,1
DEMO-02-016,RCP 4.5,2060,0.2125,0.00617588,1
DEMO-02-016,RCP 4.5,2070,0.300781,0.00724338,1
DEMO-02-016,RCP 4.5,2080,0.403125,0.00871188,1
DEMO-02-016,RCP 4.5,2090,0.519531,0.01074331,1
DEMO-02-016,RCP 4.5,2100,0.65,0.0135804,1
DEMO-02-016,RCP 8.5,2020,0.0,0.00420498,1
DEMO-02-016,RCP 8.5,2030,0.0375,0.00450034,1
DEMO-02-016,RCP 8.5,2040,0.1,0.00503921,1
DEMO-02-016,RCP 8.5,2050,0.1875,0.00590306,1
DEMO-02-016,RCP 8.5,2060,0.3,0.00723317,1
DEMO-02-016,RCP 8.5,2070,0.4375,0.00926854,1
DEMO-02-016,RCP 8.5,2080,0.6,0.01241492,1
DEMO-02-016,RCP 8.5,2090,0.7875,0.01737057,1
DEMO-02-016,RCP 8.5,2100,1.0,0.02535516,1
DEMO-02-017,RCP 2.6,2020,0.0,0.03999509,1
DEMO-02-017,RCP 2.6,2030,0.028906,0.04206254,1
DEMO-02-017,RCP 2.6,2040,0.065625,0.04483634,1
DEMO-02-017,RCP 2.6,2050,0.110156,0.04843443,1
DEMO-02-017,RCP 2.6,2060,0.1625,0.05301405,1
DEMO-02-017,RCP 2.6,2070,0.222656,0.05878127,1
DEMO-02-017,RCP 2.6,2080,0.290625,0.06600302,1
DEMO-02-017,RCP 2.6,2090,0.366406,0.07502199,1
DEMO-02-017,RCP 2.6,2100,0.45,0.08627419,1
DEMO-02-017,RCP 4.5,2020,0.0,0.03999509,1
DEMO-02-017,RCP 4.5,2030,0.032031,0.04229207,1
DEMO-02-017,RCP 4.5,2040,0.078125,0.04581979,1
DEMO-02-017,RCP 4.5,2050,0.138281,0.0508464,1
DEMO-02-017,RCP 4.5,2060,0.2125,0.05776791,1
DEMO-02-017,RCP 4.5,2070,0.300781,0.06715054,1
DEMO-02-017,RCP 4.5,2080,0.403125,0.07978827,1
DEMO-02-017,RCP 4.5,2090,0.519531,0.0967753,1
DEMO-02-017,RCP 4.5,2100,0.65,0.11958525,1
DEMO-02-017,RCP 8.5,2020,0.0,0.03999509,1
DEMO-02-017,RCP 8.5,2030,0.0375,0.04269664,1
DEMO-02-017,RCP 8.5,2040,0.1,0.04759042,1
DEMO-02-017,RCP 8.5,2050,0.1875,0.05534295,1
DEMO-02-017,RCP 8.5,2060,0.3,0.06706162,1
DEMO-02-017,RCP 8.5,2070,0.4375,0.08449935,1
DEMO-02-017,RCP 8.5,2080,0.6,0.11034001,1
DEMO-02-017,RCP 8.5,2090,0.7875,0.14850644,1
DEMO-02-017,RCP 8.5,2100,1.0,0.2042403,1
DEMO-02-018,RCP 2.6,2020,0.0,0.00946252,1
DEMO-02-018,RCP 2.6,2030,0.028906,0.00996805,1
DEMO-02-018,RCP 2.6,2040,0.065625,0.01064892,1
DEMO-02-018,RCP 2.6,2050,0.110156,0.01153662,1
DEMO-02-018,RCP 2.6,2060,0.1625,0.01267391,1
DEMO-02-018,RCP 2.6,2070,0.222656,0.01411809,1
DEMO-02-018,RCP 2.6,2080,0.290625,0.01594557,1
DEMO-02-018,RCP 2.6,2090,0.366406,0.01825817,1
DEMO-02-018,RCP 2.6,2100,0.45,0.02119168,1
DEMO-02-018,RCP 4.5,2020,0.0,0.00946252,1
DEMO-02-018,RCP 4.5,2030,0.032031,0.01002428,1
DEMO-02-018,RCP 4.5,2040,0.078125,0.01089104,1
DEMO-02-018,RCP 4.5,2050,0.138281,0.01213456,1
DEMO-02-018,RCP 4.5,2060,0.2125,0.01386336,1
DEMO-02-018,RCP 4.5,2070,0.300781,0.01623793,1
DEMO-02-018,RCP 4.5,2080,0.403125,0.01949414,1
DEMO-02-018,RCP 4.5,2090,0.519531,0.02397897,1
DEMO-02-018,RCP 4.5,2100,0.65,0.0302046,1
DEMO-02-018,RCP 8.5,2020,0.0,0.00946252,1
DEMO-02-018,RCP 8.5,2030,0.0375,0.01012343,1
DEMO-02-018,RCP 8.5,2040,0.1,0.01132793,1
DEMO-02-018,RCP 8.5,2050,0.1875,0.01325548,1
DEMO-02-018,RCP 8.5,2060,0.3,0.01621526,1
DEMO-02-018,RCP 8.5,2070,0.4375,0.02072535,1
DEMO-02-018,RCP 8.5,2080,0.6,0.02765242,1
DEMO-02-018,RCP 8.5,2090,0.7875,0.03845358,1
DEMO-02-018,RCP 8.5,2100,1.0,0.05558106,1
DEMO-02-019,RCP 2.6,2020,0.0,0.00114742,1
DEMO-02-019,RCP 2.6,2030,0.028906,0.00120926,1
DEMO-02-019,RCP 2.6,2040,0.065625,0.00129264,1
DEMO-02-019,RCP 2.6,2050,0.110156,0.0014015,1
DEMO-02-019,RCP 2.6,2060,0.1625,0.00154122,1
DEMO-02-019,RCP 2.6,2070,0.222656,0.00171905,1
DEMO-02-019,RCP 2.6,2080,0.290625,0.00194474,1
DEMO-02-019,RCP 2.6,2090,0.366406,0.00223139,1
DEMO-02-019,RCP 2.6,2100,0.45,0.00259671,1
DEMO-02-019,RCP 4.5,2020,0.0,0.00114742,1
DEMO-02-019,RCP 4.5,2030,0.032031,0.00121615,1
DEMO-02-019,RCP 4.5,2040,0.078125,0.00132232,1
DEMO-02-019,RCP 4.5,2050,0.138281,0.00147493,1
DEMO-02-019,RCP 4.5,2060,0.2125,0.00168765,1
DEMO-02-019,RCP 4.5,2070,0.300781,0.00198091,1
DEMO-02-019,RCP 4.5,2080,0.403125,0.00238508,1
DEMO-02-019,RCP 4.5,2090,0.519531,0.00294561,1
DEMO-02-019,RCP 4.5,2100,0.65,0.00373125,1
DEMO-02-019,RCP 8.5,2020,0.0,0.00114742,1
DEMO-02-019,RCP 8.5,2030,0.0375,0.00122828,1
DEMO-02-019,RCP 8.5,2040,0.1,0.0013759,1
DEMO-02-019,RCP 8.5,2050,0.1875,0.00161278,1
DEMO-02-019,RCP 8.5,2060,0.3,0.0019781,1
DEMO-02-019,RCP 8.5,2070,0.4375,0.00253851,1
DEMO-02-019,RCP 8.5,2080,0.6,0.00340812,1
DEMO-02-019,RCP 8.5,2090,0.7875,0.00478595,1
DEMO-02-019,RCP 8.5,2100,1.0,0.00702724,1
DEMO-02-020,RCP 2.6,2020,0.0,0.2801664,1
DEMO-02-020,RCP 2.6,2030,0.028906,0.2908871,1
DEMO-02-020,RCP 2.6,2040,0.065625,0.3048478,1
DEMO-02-020,RCP 2.6,2050,0.110156,0.32227153,1
DEMO-02-020,RCP 2.6,2060,0.1625,0.34339938,1
DEMO-02-020,RCP 2.6,2070,0.222656,0.36846519,1
DEMO-02-020,RCP 2.6,2080,0.290625,0.39765938,1
DEMO-02-020,RCP 2.6,2090,0.366406,0.43108073,1
DEMO-02-020,RCP 2.6,2100,0.45,0.46867743,1
DEMO-02-020,RCP 4.5,2020,0.0,0.2801664,1
DEMO-02-020,RCP 4.5,2030,0.032031,0.29206049,1
DEMO-02-020,RCP 4.5,2040,0.078125,0.30968531,1
DEMO-02-020,RCP 4.5,2050,0.138281,0.33354031,1
DEMO-02-020,RCP 4.5,2060,0.2125,0.36417873,1
DEMO-02-020,RCP 4.5,2070,0.300781,0.40209071,1
DEMO-02-020,RCP 4.5,2080,0.403125,0.44752351,1
DEMO-02-020,RCP 4.5,2090,0.519531,0.50024148,1
DEMO-02-020,RCP 4.5,2100,0.65,0.55926554,1
DEMO-02-020,RCP 8.5,2020,0.0,0.2801664,1
DEMO-02-020,RCP 8.5,2030,0.0375,0.29412059,1
DEMO-02-020,RCP 8.5,2040,0.1,0.31825165,1
DEMO-02-020,RCP 8.5,2050,0.1875,0.35371998,1
DEMO-02-020,RCP 8.5,2060,0.3,0.40174926,1
DEMO-02-020,RCP 8.5,2070,0.4375,0.46302218,1
DEMO-02-020,RCP 8.5,2080,0.6,0.53675178,1
DEMO-02-020,RCP 8.5,2090,0.7875,0.61967802,1
DEMO-02-020,RCP 8.5,2100,1.0,0.70569063,1
DEMO-02-021,RCP 2.6,2020,0.0,0.01106625,1
DEMO-02-021,RCP 2.6,2030,0.028906,0.01165645,1
DEMO-02-021,RCP 2.6,2040,0.065625,0.0124512,1
DEMO-02-021,RCP 2.6,2050,0.110156,0.01348709,1
DEMO-02-021,RCP 2.6,2060,0.1625,0.01481378,1
DEMO-02-021,RCP 2.6,2070,0.222656,0.01649772,1
DEMO-02-021,RCP 2.6,2080,0.290625,0.01862741,1
DEMO-02-021,RCP 2.6,2090,0.366406,0.02132052,1
DEMO-02-021,RCP 2.6,2100,0.45,0.02473366,1
DEMO-02-021,RCP 4.5,2020,0.0,0.01106625,1
DEMO-02-021,RCP 4.5,2030,0.032031,0.01172209,1
DEMO-02-021,RCP 4.5,2040,0.078125,0.01273378,1
DEMO-02-021,RCP 4.5,2050,0.138281,0.01418468,1
DEMO-02-021,RCP 4.5,2060,0.2125,0.01620076,1
DEMO-02-021,RCP 4.5,2070,0.300781,0.01896799,1
DEMO-02-021,RCP 4.5,2080,0.403125,0.022759,1
DEMO-02-021,RCP 4.5,2090,0.519531,0.02797351,1
DEMO-02-021,RCP 4.5,2100,0.65,0.03519883,1
DEMO-02-021,RCP 8.5,2020,0.0,0.01106625,1
DEMO-02-021,RCP 8.5,2030,0.0375,0.01183784,1
DEMO-02-021,RCP 8.5,2040,0.1,0.0132436,1
DEMO-02-021,RCP 8.5,2050,0.1875,0.015492,1
DEMO-02-021,RCP 8.5,2060,0.3,0.01894158,1
DEMO-02-021,RCP 8.5,2070,0.4375,0.02419132,1
DEMO-02-021,RCP 8.5,2080,0.6,0.03223869,1
DEMO-02-021,RCP 8.5,2090,0.7875,0.04474883,1
DEMO-02-021,RCP 8.5,2100,1.0,0.06449218,1
DEMO-02-022,RCP 2.6,2020,0.0,0.36776473,1
DEMO-02-022,RCP 2.6,2030,0.028906,0.38006759,1
DEMO-02-022,RCP 2.6,2040,0.065625,0.39591868,1
DEMO-02-022,RCP 2.6,2050,0.110156,0.41543688,1
DEMO-02-022,RCP 2.6,2060,0.1625,0.43871873,1
DEMO-02-022,RCP 2.6,2070,0.222656,0.4658063,1
DEMO-02-022,RCP 2.6,2080,0.290625,0.49664778,1
DEMO-02-022,RCP 2.6,2090,0.366406,0.53105373,1
DEMO-02-022,RCP 2.6,2100,0.45,0.5686545,1
DEMO-02-022,RCP 4.5,2020,0.0,0.36776473,1
DEMO-02-022,RCP 4.5,2030,0.032031,0.38140722,1
DEMO-02-022,RCP 4.5,2040,0.078125,0.40136695,1
DEMO-02-022,RCP 4.5,2050,0.138281,0.4279065,1
DEMO-02-022,RCP 4.5,2060,0.2125,0.46121444,1
DEMO-02-022,RCP 4.5,2070,0.300781,0.5012642,1
DEMO-02-022,RCP 4.5,2080,0.403125,0.54763915,1
DEMO-02-022,RCP 4.5,2090,0.519531,0.59935638,1
DEMO-02-022,RCP 4.5,2100,0.65,0.65475346,1
DEMO-02-022,RCP 8.5,2020,0.0,0.36776473,1
DEMO-02-022,RCP 8.5,2030,0.0375,0.38375593,1
DEMO-02-022,RCP 8.5,2040,0.1,0.41095957,1
DEMO-02-022,RCP 8.5,2050,0.1875,0.449941,1
DEMO-02-022,RCP 8.5,2060,0.3,0.50090909,1
DEMO-02-022,RCP 8.5,2070,0.4375,0.56307133,1
DEMO-02-022,RCP 8.5,2080,0.6,0.63392465,1
DEMO-02-022,RCP 8.5,2090,0.7875,0.70889017,1
DEMO-02-022,RCP 8.5,2100,1.0,0.78183015,1
DEMO-02-023,RCP 2.6,2020,0.0,0.00192499,1
DEMO-02-023,RCP 2.6,2030,0.028906,0.00202865,1
DEMO-02-023,RCP 2.6,2040,0.065625,0.00216841,1
DEMO-02-023,RCP 2.6,2050,0.110156,0.00235085,1
DEMO-02-023,RCP 2.6,2060,0.1625,0.00258497,1
DEMO-02-023,RCP 2.6,2070,0.222656,0.00288288,1
DEMO-02-023,RCP 2.6,2080,0.290625,0.00326085,1
DEMO-02-023,RCP 2.6,2090,0.366406,0.00374077,1
DEMO-02-023,RCP 2.6,2100,0.45,0.00435213,1
DEMO-02-023,RCP 4.5,2020,0.0,0.00192499,1
DEMO-02-023,RCP 4.5,2030,0.032031,0.00204019,1
DEMO-02-023,RCP 4.5,2040,0.078125,0.00221814,1
DEMO-02-023,RCP 4.5,2050,0.138281,0.00247388,1
DEMO-02-023,RCP 4.5,2060,0.2125,0.00283028,1
DEMO-02-023,RCP 4.5,2070,0.300781,0.00332143,1
DEMO-02-023,RCP 4.5,2080,0.403125,0.003998,1
DEMO-02-023,RCP 4.5,2090,0.519531,0.00493573,1
DEMO-02-023,RCP 4.5,2100,0.65,0.00624884,1
DEMO-02-023,RCP 8.5,2020,0.0,0.00192499,1
DEMO-02-023,RCP 8.5,2030,0.0375,0.00206053,1
DEMO-02-023,RCP 8.5,2040,0.1,0.00230794,1
DEMO-02-023,RCP 8.5,2050,0.1875,0.00270485,1
DEMO-02-023,RCP 8.5,2060,0.3,0.00331673,1
DEMO-02-023,RCP 8.5,2070,0.4375,0.00425475,1
DEMO-02-023,RCP 8.5,2080,0.6,0.00570892,1
DEMO-02-023,RCP 8.5,2090,0.7875,0.00800945,1
DEMO-02-023,RCP 8.5,2100,1.0,0.01174251,1
DEMO-02-024,RCP 2.6,2020,0.0,0.0050758,1
DEMO-02-024,RCP 2.6,2030,0.028906,0.00534824,1
DEMO-02-024,RCP 2.6,2040,0.065625,0.00571537,1
DEMO-02-024,RCP 2.6,2050,0.110156,0.00619439,1
DEMO-02-024,RCP 2.6,2060,0.1625,0.00680866,1
DEMO-02-024,RCP 2.6,2070,0.222656,0.00758964,1
DEMO-02-024,RCP 2.6,2080,0.290625,0.00857942,1
DEMO-02-024,RCP 2.6,2090,0.366406,0.00983437,1
DEMO-02-024,RCP 2.6,2100,0.45,0.0114302,1
DEMO-02-024,RCP 4.5,2020,0.0,0.0050758,1
DEMO-02-024,RCP 4.5,2030,0.032031,0.00537855,1
DEMO-02-024,RCP 4.5,2040,0.078125,0.00584599,1
DEMO-02-024,RCP 4.5,2050,0.138281,0.00651727,1
DEMO-02-024,RCP 4.5,2060,0.2125,0.00745181,1
DEMO-02-024,RCP 4.5,2070,0.300781,0.00873792,1
DEMO-02-024,RCP 4.5,2080,0.403125,0.01050621,1
DEMO-02-024,RCP 4.5,2090,0.519531,0.01295058,1
DEMO-02-024,RCP 4.5,2100,0.65,0.01636092,1
DEMO-02-024,RCP 8.5,2020,0.0,0.0050758,1
DEMO-02-024,RCP 8.5,2030,0.0375,0.00543201,1
DEMO-02-024,RCP 8.5,2040,0.1,0.00608174,1
DEMO-02-024,RCP 8.5,2050,0.1875,0.00712304,1
DEMO-02-024,RCP 8.5,2060,0.3,0.00872562,1
DEMO-02-024,RCP 8.5,2070,0.4375,0.01117623,1
DEMO-02-024,RCP 8.5,2080,0.6,0.01496044,1
DEMO-02-024,RCP 8.5,2090,0.7875,0.02091066,1
DEMO-02-024,RCP 8.5,2100,1.0,0.03047203,1
DEMO-03-001,RCP 2.6,2020,0.0,0.17679974,1
DEMO-03-001,RCP 2.6,2030,0.028906,0.1845793,1
DEMO-03-001,RCP 2.6,2040,0.065625,0.19483979,1
DEMO-03-001,RCP 2.6,2050,0.110156,0.20785599,1
DEMO-03-001,RCP 2.6,2060,0.1625,0.22396162,1
DEMO-03-001,RCP 2.6,2070,0.222656,0.24354298,1
DEMO-03-001,RCP 2.6,2080,0.290625,0.26702433,1
DEMO-03-001,RCP 2.6,2090,0.366406,0.29484068,1
DEMO-03-001,RCP 2.6,2100,0.45,0.32739298,1
DEMO-03-001,RCP 4.5,2020,0.0,0.17679974,1
DEMO-03-001,RCP 4.5,2030,0.032031,0.185436,1
DEMO-03-001,RCP 4.5,2040,0.078125,0.19842993,1
DEMO-03-001,RCP 4.5,2050,0.138281,0.21640149,1
DEMO-03-001,RCP 4.5,2060,0.2125,0.24015714,1
DEMO-03-001,RCP 4.5,2070,0.300781,0.27065403,1
DEMO-03-001,RCP 4.5,2080,0.403125,0.30890847,1
DEMO-03-001,RCP 4.5,2090,0.519531,0.35581396,1
DEMO-03-001,RCP 4.5,2100,0.65,0.41184011,1
DEMO-03-001,RCP 8.5,2020,0.0,0.17679974,1
DEMO-03-001,RCP 8.5,2030,0.0375,0.18694261,1
DEMO-03-001,RCP 8.5,2040,0.1,0.20483194,1
DEMO-03-001,RCP 8.5,2050,0.1875,0.23196074,1
DEMO-03-001,RCP 8.5,2060,0.3,0.27037373,1
DEMO-03-001,RCP 8.5,2070,0.4375,0.32240805,1
DEMO-03-001,RCP 8.5,2080,0.6,0.39000939,1
DEMO-03-001,RCP 8.5,2090,0.7875,0.47343413,1
DEMO-03-001,RCP 8.5,2100,1.0,0.56954622,1
DEMO-03-002,RCP 2.6,2020,0.0,0.34401457,1
DEMO-03-002,RCP 2.6,2030,0.028906,0.35597026,1
DEMO-03-002,RCP 2.6,2040,0.065625,0.37141847,1
DEMO-03-002,RCP 2.6,2050,0.110156,0.39050965,1
DEMO-03-002,RCP 2.6,2060,0.1625,0.41338242,1
DEMO-03-002,RCP 2.6,2070,0.222656,0.44013234,1
DEMO-03-002,RCP 2.6,2080,0.290625,0.470772,1
DEMO-03-002,RCP 2.6,2090,0.366406,0.50518447,1
DEMO-03-002,RCP 2.6,2100,0.45,0.54307478,1
DEMO-03-002,RCP 4.5,2020,0.0,0.34401457,1
DEMO-03-002,RCP 4.5,2030,0.032031,0.35727391,1
DEMO-03-002,RCP 4.5,2040,0.078125,0.37673985,1
DEMO-03-002,RCP 4.5,2050,0.138281,0.40274655,1
DEMO-03-002,RCP 4.5,2060,0.2125,0.4355872,1
DEMO-03-002,RCP 4.5,2070,0.300781,0.47537505,1
DEMO-03-002,RCP 4.5,2080,0.403125,0.52186105,1
DEMO-03-002,RCP 4.5,2090,0.519531,0.57423416,1
DEMO-03-002,RCP 4.5,2100,0.65,0.6309661,1
DEMO-03-002,RCP 8.5,2020,0.0,0.34401457,1
DEMO-03-002,RCP 8.5,2030,0.0375,0.35956038,1
DEMO-03-002,RCP 8.5,2040,0.1,0.38612353,1
DEMO-03-002,RCP 8.5,2050,0.1875,0.42444669,1
DEMO-03-002,RCP 8.5,2060,0.3,0.47502081,1
DEMO-03-002,RCP 8.5,2070,0.4375,0.53742985,1
DEMO-03-002,RCP 8.5,2080,0.6,0.60955797,1
DEMO-03-002,RCP 8.5,2090,0.7875,0.68705,1
DEMO-03-002,RCP 8.5,2100,1.0,0.76363763,1
DEMO-03-003,RCP 2.6,2020,0.0,0.04155948,1
DEMO-03-003,RCP 2.6,2030,0.028906,0.04370412,1
DEMO-03-003,RCP 2.6,2040,0.065625,0.04658092,1
DEMO-03-003,RCP 2.6,2050,0.110156,0.05031163,1
DEMO-03-003,RCP 2.6,2060,0.1625,0.05505847,1
DEMO-03-003,RCP 2.6,2070,0.222656,0.06103377,1
DEMO-03-003,RCP 2.6,2080,0.290625,0.06851211,1
DEMO-03-003,RCP 2.6,2090,0.366406,0.07784536,1
DEMO-03-003,RCP 2.6,2100,0.45,0.08948006,1
DEMO-03-003,RCP 4.5,2020,0.0,0.04155948,1
DEMO-03-003,RCP 4.5,2030,0.032031,0.0439422,1
DEMO-03-003,RCP 4.5,2040,0.078125,0.04760072,1
DEMO-03-003,RCP 4.5,2050,0.138281,0.05281189,1
DEMO-03-003,RCP 4.5,2060,0.2125,0.05998405,1
DEMO-03-003,RCP 4.5,2070,0.300781,0.0697,1
DEMO-03-003,RCP 4.5,2080,0.403125,0.08277496,1
DEMO-03-003,RCP 4.5,2090,0.519531,0.10032853,1
DEMO-03-003,RCP 4.5,2100,0.65,0.12386112,1
DEMO-03-003,RCP 8.5,2020,0.0,0.04155948,1
DEMO-03-003,RCP 8.5,2030,0.0375,0.04436183,1
DEMO-03-003,RCP 8.5,2040,0.1,0.04943661,1
DEMO-03-003,RCP 8.5,2050,0.1875,0.05747173,1
DEMO-03-003,RCP 8.5,2060,0.3,0.06960795,1
DEMO-03-003,RCP 8.5,2070,0.4375,0.08764559,1
DEMO-03-003,RCP 8.5,2080,0.6,0.11432825,1
DEMO-03-003,RCP 8.5,2090,0.7875,0.15363596,1
DEMO-03-003,RCP 8.5,2100,1.0,0.21081829,1
DEMO-03-004,RCP 2.6,2020,0.0,0.00267316,1
DEMO-03-004,RCP 2.6,2030,0.028906,0.002817,1
DEMO-03-004,RCP 2.6,2040,0.065625,0.0030109,1
DEMO-03-004,RCP 2.6,2050,0.110156,0.00326399,1
DEMO-03-004,RCP 2.6,2060,0.1625,0.00358872,1
DEMO-03-004,RCP 2.6,2070,0.222656,0.00400185,1
DEMO-03-004,RCP 2.6,2080,0.290625,0.00452587,1
DEMO-03-004,RCP 2.6,2090,0.366406,0.005191,1
DEMO-03-004,RCP 2.6,2100,0.45,0.00603794,1
DEMO-03-004,RCP 4.5,2020,0.0,0.00267316,1
DEMO-03-004,RCP 4.5,2030,0.032031,0.00283301,1
DEMO-03-004,RCP 4.5,2040,0.078125,0.0030799,1
DEMO-03-004,RCP 4.5,2050,0.138281,0.00343466,1
DEMO-03-004,RCP 4.5,2060,0.2125,0.00392892,1
DEMO-03-004,RCP 4.5,2070,0.300781,0.00460983,1
DEMO-03-004,RCP 4.5,2080,0.403125,0.0055474,1
DEMO-03-004,RCP 4.5,2090,0.519531,0.00684604,1
DEMO-03-004,RCP 4.5,2100,0.65,0.00866294,1
DEMO-03-004,RCP 8.5,2020,0.0,0.00267316,1
DEMO-03-004,RCP 8.5,2030,0.0375,0.00286124,1
DEMO-03-004,RCP 8.5,2040,0.1,0.00320447,1
DEMO-03-004,RCP 8.5,2050,0.1875,0.00375498,1
DEMO-03-004,RCP 8.5,2060,0.3,0.00460332,1
DEMO-03-004,RCP 8.5,2070,0.4375,0.00590306,1
DEMO-03-004,RCP 8.5,2080,0.6,0.0079161,1
DEMO-03-004,RCP 8.5,2090,0.7875,0.01109614,1
DEMO-03-004,RCP 8.5,2100,1.0,0.01624429,1
DEMO-03-005,RCP 2.6,2020,0.0,0.60652473,1
DEMO-03-005,RCP 2.6,2030,0.028906,0.61899486,1
DEMO-03-005,RCP 2.6,2040,0.065625,0.63461002,1
DEMO-03-005,RCP 2.6,2050,0.110156,0.65317197,1
DEMO-03-005,RCP 2.6,2060,0.1625,0.67440616,1
DEMO-03-005,RCP 2.6,2070,0.222656,0.6979504,1
DEMO-03-005,RCP 2.6,2080,0.290625,0.72334927,1
DEMO-03-005,RCP 2.6,2090,0.366406,0.75005778,1
DEMO-03-005,RCP 2.6,2100,0.45,0.77745719,1
DEMO-03-005,RCP 4.5,2020,0.0,0.60652473,1
DEMO-03-005,RCP 4.5,2030,0.032031,0.62033395,1
DEMO-03-005,RCP 4.5,2040,0.078125,0.63986373,1
DEMO-03-005,RCP 4.5,2050,0.138281,0.6646638,1
DEMO-03-005,RCP 4.5,2060,0.2125,0.69404333,1
DEMO-03-005,RCP 4.5,2070,0.300781,0.72702929,1
DEMO-03-005,RCP 4.5,2080,0.403125,0.7623636,1
DEMO-03-005,RCP 4.5,2090,0.519531,0.79856177,1
DEMO-03-005,RCP 4.5,2100,0.65,0.83404151,1
DEMO-03-005,RCP 8.5,2020,0.0,0.60652473,1
DEMO-03-005,RCP 8.5,2030,0.0375,0.62267295,1
DEMO-03-005,RCP 8.5,2040,0.1,0.64897698,1
DEMO-03-005,RCP 8.5,2050,0.1875,0.68430699,1
DEMO-03-005,RCP 8.5,2060,0.3,0.7267473,1
DEMO-03-005,RCP 8.5,2070,0.4375,0.77350019,1
DEMO-03-005,RCP 8.5,2080,0.6,0.82107333,1
DEMO-03-005,RCP 8.5,2090,0.7875,0.86582588,1
DEMO-03-005,RCP 8.5,2100,1.0,0.90472892,1
DEMO-03-006,RCP 2.6,2020,0.0,0.00499383,1
DEMO-03-006,RCP 2.6,2030,0.028906,0.00526189,1
DEMO-03-006,RCP 2.6,2040,0.065625,0.00562313,1
DEMO-03-006,RCP 2.6,2050,0.110156,0.00609446,1
DEMO-03-006,RCP 2.6,2060,0.1625,0.0066989,1
DEMO-03-006,RCP 2.6,2070,0.222656,0.00746738,1
DEMO-03-006,RCP 2.6,2080,0.290625,0.00844135,1
DEMO-03-006,RCP 2.6,2090,0.366406,0.0096763,1
DEMO-03-006,RCP 2.6,2100,0.45,0.01124677,1
DEMO-03-006,RCP 4.5,2020,0.0,0.00499383,1
DEMO-03-006,RCP 4.5,2030,0.032031,0.00529172,1
DEMO-03-006,RCP 4.5,2040,0.078125,0.00575165,1
DEMO-03-006,RCP 4.5,2050,0.138281,0.00641217,1
DEMO-03-006,RCP 4.5,2060,0.2125,0.00733175,1
DEMO-03-006,RCP 4.5,2070,0.300781,0.00859732,1
DEMO-03-006,RCP 4.5,2080,0.403125,0.01033745,1
DEMO-03-006,RCP 4.5,2090,0.519531,0.01274306,1
DEMO-03-006,RCP 4.5,2100,0.65,0.01609965,1
DEMO-03-006,RCP 8.5,2020,0.0,0.00499383,1
DEMO-03-006,RCP 8.5,2030,0.0375,0.00534431,1
DEMO-03-006,RCP 8.5,2040,0.1,0.00598362,1
DEMO-03-006,RCP 8.5,2050,0.1875,0.00700824,1
DEMO-03-006,RCP 8.5,2060,0.3,0.00858522,1
DEMO-03-006,RCP 8.5,2070,0.4375,0.01099683,1
DEMO-03-006,RCP 8.5,2080,0.6,0.01472119,1
DEMO-03-006,RCP 8.5,2090,0.7875,0.02057826,1
DEMO-03-006,RCP 8.5,2100,1.0,0.02999229,1
DEMO-03-007,RCP 2.6,2020,0.0,0.00719411,1
DEMO-03-007,RCP 2.6,2030,0.028906,0.00757938,1
DEMO-03-007,RCP 2.6,2040,0.065625,0.00809842,1
DEMO-03-007,RCP 2.6,2050,0.110156,0.0087754,1
DEMO-03-007,RCP 2.6,2060,0.1625,0.00964314,1
DEMO-03-007,RCP 2.6,2070,0.222656,0.01074573,1
DEMO-03-007,RCP 2.6,2080,0.290625,0.01214206,1
DEMO-03-007,RCP 2.6,2090,0.366406,0.01391082,1
DEMO-03-007,RCP 2.6,2100,0.45,0.01615735,1
DEMO-03-007,RCP 4.5,2020,0.0,0.00719411,1
DEMO-03-007,RCP 4.5,2030,0.032031,0.00762224,1
DEMO-03-007,RCP 4.5,2040,0.078125,0.00828304,1
DEMO-03-007,RCP 4.5,2050,0.138281,0.00923156,1
DEMO-03-007,RCP 4.5,2060,0.2125,0.01055119,1
DEMO-03-007,RCP 4.5,2070,0.300781,0.01236556,1
DEMO-03-007,RCP 4.5,2080,0.403125,0.01485696,1
DEMO-03-007,RCP 4.5,2090,0.519531,0.01829487,1
DEMO-03-007,RCP 4.5,2100,0.65,0.02307963,1
DEMO-03-007,RCP 8.5,2020,0.0,0.00719411,1
DEMO-03-007,RCP 8.5,2030,0.0375,0.00769782,1
DEMO-03-007,RCP 8.5,2040,0.1,0.00861623,1
DEMO-03-007,RCP 8.5,2050,0.1875,0.01008706,1
DEMO-03-007,RCP 8.5,2060,0.3,0.01234822,1
DEMO-03-007,RCP 8.5,2070,0.4375,0.01580002,1
DEMO-03-007,RCP 8.5,2080,0.6,0.02111638,1
DEMO-03-007,RCP 8.5,2090,0.7875,0.02944184,1
DEMO-03-007,RCP 8.5,2100,1.0,0.04273382,1
DEMO-03-008,RCP 2.6,2020,0.0,0.14318422,1
DEMO-03-008,RCP 2.6,2030,0.028906,0.1497537,1
DEMO-03-008,RCP 2.6,2040,0.065625,0.15845448,1
DEMO-03-008,RCP 2.6,2050,0.110156,0.16955184,1
DEMO-03-008,RCP 2.6,2060,0.1625,0.18337656,1
DEMO-03-008,RCP 2.6,2070,0.222656,0.20032548,1
DEMO-03-008,RCP 2.6,2080,0.290625,0.22085654,1
DEMO-03-008,RCP 2.6,2090,0.366406,0.24547418,1
DEMO-03-008,RCP 2.6,2100,0.45,0.27469934,1
DEMO-03-008,RCP 4.5,2020,0.0,0.14318422,1
DEMO-03-008,RCP 4.5,2030,0.032031,0.1504786,1
DEMO-03-008,RCP 4.5,2040,0.078125,0.16150866,1
DEMO-03-008,RCP 4.5,2050,0.138281,0.17687418,1
DEMO-03-008,RCP 4.5,2060,0.2125,0.19738369,1
DEMO-03-008,RCP 4.5,2070,0.300781,0.22405051,1
DEMO-03-008,RCP 4.5,2080,0.403125,0.25804849,1
DEMO-03-008,RCP 4.5,2090,0.519531,0.30059027,1
DEMO-03-008,RCP 4.5,2100,0.65,0.35268158,1
DEMO-03-008,RCP 8.5,2020,0.0,0.14318422,1
DEMO-03-008,RCP 8.5,2030,0.0375,0.1517541,1
DEMO-03-008,RCP 8.5,2040,0.1,0.1669676,1
DEMO-03-008,RCP 8.5,2050,0.1875,0.19028154,1
DEMO-03-008,RCP 8.5,2060,0.3,0.22380366,1
DEMO-03-008,RCP 8.5,2070,0.4375,0.27019443,1
DEMO-03-008,RCP 8.5,2080,0.6,0.33221547,1
DEMO-03-008,RCP 8.5,2090,0.7875,0.41161992,1
DEMO-03-008,RCP 8.5,2100,1.0,0.50727221,1
DEMO-03-009,RCP 2.6,2020,0.0,0.14520349,1
DEMO-03-009,RCP 2.6,2030,0.028906,0.15184921,1
DEMO-03-009,RCP 2.6,2040,0.065625,0.16064873,1
DEMO-03-009,RCP 2.6,2050,0.110156,0.17186838,1
DEMO-03-009,RCP 2.6,2060,0.1625,0.18583971,1
DEMO-03-009,RCP 2.6,2070,0.222656,0.20295971,1
DEMO-03-009,RCP 2.6,2080,0.290625,0.22368524,1
DEMO-03-009,RCP 2.6,2090,0.366406,0.24851761,1
DEMO-03-009,RCP 2.6,2100,0.45,0.27797161,1
DEMO-03-009,RCP 4.5,2020,0.0,0.14520349,1
DEMO-03-009,RCP 4.5,2030,0.032031,0.15258242,1
DEMO-03-009,RCP 4.5,2040,0.078125,0.16373698,1
DEMO-03-009,RCP 4.5,2050,0.138281,0.17926916,1
DEMO-03-009,RCP 4.5,2060,0.2125,0.19998892,1
DEMO-03-009,RCP 4.5,2070,0.300781,0.2269082,1
DEMO-03-009,RCP 4.5,2080,0.403125,0.26119385,1
DEMO-03-009,RCP 4.5,2090,0.519531,0.30404167,1
DEMO-03-009,RCP 4.5,2100,0.65,0.35642629,1
DEMO-03-009,RCP 8.5,2020,0.0,0.14520349,1
DEMO-03-009,RCP 8.5,2030,0.0375,0.15387253,1
DEMO-03-009,RCP 8.5,2040,0.1,0.16925603,1
DEMO-03-009,RCP 8.5,2050,0.1875,0.19281555,1
DEMO-03-009,RCP 8.5,2060,0.3,0.22665912,1
DEMO-03-009,RCP 8.5,2070,0.4375,0.27343327,1
DEMO-03-009,RCP 8.5,2080,0.6,0.33585562,1
DEMO-03-009,RCP 8.5,2090,0.7875,0.41558866,1
DEMO-03-009,RCP 8.5,2100,1.0,0.51136168,1
DEMO-03-010,RCP 2.6,2020,0.0,0.12073858,1
DEMO-03-010,RCP 2.6,2030,0.028906,0.12643019,1
DEMO-03-010,RCP 2.6,2040,0.065625,0.13398941,1
DEMO-03-010,RCP 2.6,2050,0.110156,0.14366586,1
DEMO-03-010,RCP 2.6,2060,0.1625,0.15577584,1
DEMO-03-010,RCP 2.6,2070,0.222656,0.17070698,1
DEMO-03-010,RCP 2.6,2080,0.290625,0.18891963,1
DEMO-03-010,RCP 2.6,2090,0.366406,0.21094121,1
DEMO-03-010,RCP 2.6,2100,0.45,0.23734831,1
DEMO-03-010,RCP 4.5,2020,0.0,0.12073858,1
DEMO-03-010,RCP 4.5,2030,0.032031,0.12705906,1
DEMO-03-010,RCP 4.5,2040,0.078125,0.1366486,1
DEMO-03-010,RCP 4.5,2050,0.138281,0.1500723,1
DEMO-03-010,RCP 4.5,2060,0.2125,0.16810871,1
DEMO-03-010,RCP 4.5,2070,0.300781,0.19176541,1
DEMO-03-010,RCP 4.5,2080,0.403125,0.22226768,1
DEMO-03-010,RCP 4.5,2090,0.519531,0.26098558,1
DEMO-03-010,RCP 4.5,2100,0.65,0.3092482,1
DEMO-03-010,RCP 8.5,2020,0.0,0.12073858,1
DEMO-03-010,RCP 8.5,2030,0.0375,0.128166,1
DEMO-03-010,RCP 8.5,2040,0.1,0.14140899,1
DEMO-03-010,RCP 8.5,2050,0.1875,0.16184751,1
DEMO-03-010,RCP 8.5,2060,0.3,0.19154535,1
DEMO-03-010,RCP 8.5,2070,0.4375,0.23325894,1
DEMO-03-010,RCP 8.5,2080,0.6,0.2901727,1
DEMO-03-010,RCP 8.5,2090,0.7875,0.36502116,1
DEMO-03-010,RCP 8.5,2100,1.0,0.45827905,1
DEMO-03-011,RCP 2.6,2020,0.0,0.35268158,1
DEMO-03-011,RCP 2.6,2030,0.028906,0.36477098,1
DEMO-03-011,RCP 2.6,2040,0.065625,0.38037554,1
DEMO-03-011,RCP 2.6,2050,0.110156,0.39963441,1
DEMO-03-011,RCP 2.6,2060,0.1625,0.422671,1
DEMO-03-011,RCP 2.6,2070,0.222656,0.44956135,1
DEMO-03-011,RCP 2.6,2080,0.290625,0.4802943,1
DEMO-03-011,RCP 2.6,2090,0.366406,0.51472585,1
DEMO-03-011,RCP 2.6,2100,0.45,0.55253268,1
DEMO-03-011,RCP 4.5,2020,0.0,0.35268158,1
DEMO-03-011,RCP 4.5,2030,0.032031,0.36608854,1
DEMO-03-011,RCP 4.5,2040,0.078125,0.3857465,1
DEMO-03-011,RCP 4.5,2050,0.138281,0.41196398,1
DEMO-03-011,RCP 4.5,2060,0.2125,0.44499623,1
DEMO-03-011,RCP 4.5,2070,0.300781,0.48490516,1
DEMO-03-011,RCP 4.5,2080,0.403125,0.53137916,1
DEMO-03-011,RCP 4.5,2090,0.519531,0.58354169,1
DEMO-03-011,RCP 4.5,2100,0.65,0.63981135,1
DEMO-03-011,RCP 8.5,2020,0.0,0.35268158,1
DEMO-03-011,RCP 8.5,2030,0.0375,0.36839909,1
DEMO-03-011,RCP 8.5,2040,0.1,0.39521226,1
DEMO-03-011,RCP 8.5,2050,0.1875,0.43380003,1
DEMO-03-011,RCP 8.5,2060,0.3,0.48455037,1
DEMO-03-011,RCP 8.5,2070,0.4375,0.54690711,1
DEMO-03-011,RCP 8.5,2080,0.6,0.61860618,1
DEMO-03-011,RCP 8.5,2090,0.7875,0.69520036,1
DEMO-03-011,RCP 8.5,2100,1.0,0.77045976,1
DEMO-03-012,RCP 2.6,2020,0.0,0.00323364,1
DEMO-03-012,RCP 2.6,2030,0.028906,0.00340754,1
DEMO-03-012,RCP 2.6,2040,0.065625,0.00364194,1
DEMO-03-012,RCP 2.6,2050,0.110156,0.00394786,1
DEMO-03-012,RCP 2.6,2060,0.1625,0.00434033,1
DEMO-03-012,RCP 2.6,2070,0.222656,0.00483956,1
DEMO-03-012,RCP 2.6,2080,0.290625,0.00547268,1
DEMO-03-012,RCP 2.6,2090,0.366406,0.00627607,1
DEMO-03-012,RCP 2.6,2100,0.45,0.00729875,1
DEMO-03-012,RCP 4.5,2020,0.0,0.00323364,1
DEMO-03-012,RCP 4.5,2030,0.032031,0.00342689,1
DEMO-03-012,RCP 4.5,2040,0.078125,0.00372534,1
DEMO-03-012,RCP 4.5,2050,0.138281,0.00415413,1
DEMO-03-012,RCP 4.5,2060,0.2125,0.00475144,1
DEMO-03-012,RCP 4.5,2070,0.300781,0.0055741,1
DEMO-03-012,RCP 4.5,2080,0.403125,0.00670646,1
DEMO-03-012,RCP 4.5,2090,0.519531,0.00827418,1
DEMO-03-012,RCP 4.5,2100,0.65,0.01046612,1
DEMO-03-012,RCP 8.5,2020,0.0,0.00323364,1
DEMO-03-012,RCP 8.5,2030,0.0375,0.00346101,1
DEMO-03-012,RCP 8.5,2040,0.1,0.00387591,1
DEMO-03-012,RCP 8.5,2050,0.1875,0.00454126,1
DEMO-03-012,RCP 8.5,2060,0.3,0.00556624,1
DEMO-03-012,RCP 8.5,2070,0.4375,0.00713591,1
DEMO-03-012,RCP 8.5,2080,0.6,0.00956532,1
DEMO-03-012,RCP 8.5,2090,0.7875,0.01339893,1
DEMO-03-012,RCP 8.5,2100,1.0,0.01959431,1
DEMO-03-013,RCP 2.6,2020,0.0,0.0014582,1
DEMO-03-013,RCP 2.6,2030,0.028906,0.00153677,1
DEMO-03-013,RCP 2.6,2040,0.065625,0.0016427,1
DEMO-03-013,RCP 2.6,2050,0.110156,0.00178098,1
DEMO-03-013,RCP 2.6,2060,0.1625,0.00195846,1
DEMO-03-013,RCP 2.6,2070,0.222656,0.00218433,1
DEMO-03-013,RCP 2.6,2080,0.290625,0.00247094,1
DEMO-03-013,RCP 2.6,2090,0.366406,0.00283493,1
DEMO-03-013,RCP 2.6,2100,0.45,0.00329874,1
DEMO-03-013,RCP 4.5,2020,0.0,0.0014582,1
DEMO-03-013,RCP 4.5,2030,0.032031,0.00154551,1
DEMO-03-013,RCP 4.5,2040,0.078125,0.00168039,1
DEMO-03-013,RCP 4.5,2050,0.138281,0.00187425,1
DEMO-03-013,RCP 4.5,2060,0.2125,0.00214445,1
DEMO-03-013,RCP 4.5,2070,0.300781,0.00251688,1
DEMO-03-013,RCP 4.5,2080,0.403125,0.00303007,1
DEMO-03-013,RCP 4.5,2090,0.519531,0.00374162,1
DEMO-03-013,RCP 4.5,2100,0.65,0.00473856,1
DEMO-03-013,RCP 8.5,2020,0.0,0.0014582,1
DEMO-03-013,RCP 8.5,2030,0.0375,0.00156093,1
DEMO-03-013,RCP 8.5,2040,0.1,0.00174846,1
DEMO-03-013,RCP 8.5,2050,0.1875,0.00204935,1
DEMO-03-013,RCP 8.5,2060,0.3,0.00251331,1
DEMO-03-013,RCP 8.5,2070,0.4375,0.00322486,1
DEMO-03-013,RCP 8.5,2080,0.6,0.00432856,1
DEMO-03-013,RCP 8.5,2090,0.7875,0.00607625,1
DEMO-03-013,RCP 8.5,2100,1.0,0.00891638,1
DEMO-03-014,RCP 2.6,2020,0.0,0.5195355,1
DEMO-03-014,RCP 2.6,2030,0.028906,0.53263818,1
DEMO-03-014,RCP 2.6,2040,0.065625,0.54921513,1
DEMO-03-014,RCP 2.6,2050,0.110156,0.56917008,1
DEMO-03-014,RCP 2.6,2060,0.1625,0.59233736,1
DEMO-03-014,RCP 2.6,2070,0.222656,0.61845871,1
DEMO-03-014,RCP 2.6,2080,0.290625,0.64716275,1
DEMO-03-014,RCP 2.6,2090,0.366406,0.67795181,1
DEMO-03-014,RCP 2.6,2100,0.45,0.71020166,1
DEMO-03-014,RCP 4.5,2020,0.0,0.5195355,1
DEMO-03-014,RCP 4.5,2030,0.032031,0.53405232,1
DEMO-03-014,RCP 4.5,2040,0.078125,0.55483537,1
DEMO-03-014,RCP 4.5,2050,0.138281,0.5816626,1
DEMO-03-014,RCP 4.5,2060,0.2125,0.61409193,1
DEMO-03-014,RCP 4.5,2070,0.300781,0.65136777,1
DEMO-03-014,RCP 4.5,2080,0.403125,0.6923516,1
DEMO-03-014,RCP 4.5,2090,0.519531,0.73551455,1
DEMO-03-014,RCP 4.5,2100,0.65,0.77902611,1
DEMO-03-014,RCP 8.5,2020,0.0,0.5195355,1
DEMO-03-014,RCP 8.5,2030,0.0375,0.53652573,1
DEMO-03-014,RCP 8.5,2040,0.1,0.56463629,1
DEMO-03-014,RCP 8.5,2050,0.1875,0.60326569,1
DEMO-03-014,RCP 8.5,2060,0.3,0.65104513,1
DEMO-03-014,RCP 8.5,2070,0.4375,0.70550179,1
DEMO-03-014,RCP 8.5,2080,0.6,0.76298065,1
DEMO-03-014,RCP 8.5,2090,0.7875,0.81906121,1
DEMO-03-014,RCP 8.5,2100,1.0,0.86947941,1
DEMO-03-015,RCP 2.6,2020,0.0,0.00117483,1
DEMO-03-015,RCP 2.6,2030,0.028906,0.00123815,1
DEMO-03-015,RCP 2.6,2040,0.065625,0.00132352,1
DEMO-03-015,RCP 2.6,2050,0.110156,0.00143498,1
DEMO-03-015,RCP 2.6,2060,0.1625,0.00157803,1
DEMO-03-015,RCP 2.6,2070,0.222656,0.0017601,1
DEMO-03-015,RCP 2.6,2080,0.290625,0.00199116,1
DEMO-03-015,RCP 2.6,2090,0.366406,0.00228464,1
DEMO-03-015,RCP 2.6,2100,0.45,0.00265866,1
DEMO-03-015,RCP 4.5,2020,0.0,0.00117483,1
DEMO-03-015,RCP 4.5,2030,0.032031,0.0012452,1
DEMO-03-015,RCP 4.5,2040,0.078125,0.0013539,1
DEMO-03-015,RCP 4.5,2050,0.138281,0.00151015,1
DEMO-03-015,RCP 4.5,2060,0.2125,0.00172795,1
DEMO-03-015,RCP 4.5,2070,0.300781,0.00202819,1
DEMO-03-015,RCP 4.5,2080,0.403125,0.00244198,1
DEMO-03-015,RCP 4.5,2090,0.519531,0.00301585,1
DEMO-03-015,RCP 4.5,2100,0.65,0.00382016,1
DEMO-03-015,RCP 8.5,2020,0.0,0.00117483,1
DEMO-03-015,RCP 8.5,2030,0.0375,0.00125762,1
DEMO-03-015,RCP 8.5,2040,0.1,0.00140876,1
DEMO-03-015,RCP 8.5,2050,0.1875,0.00165129,1
DEMO-03-015,RCP 8.5,2060,0.3,0.00202532,1
DEMO-03-015,RCP 8.5,2070,0.4375,0.00259907,1
DEMO-03-015,RCP 8.5,2080,0.6,0.00348935,1
DEMO-03-015,RCP 8.5,2090,0.7875,0.00489986,1
DEMO-03-015,RCP 8.5,2100,1.0,0.00719411,1
DEMO-03-016,RCP 2.6,2020,0.0,0.00282772,1
DEMO-03-016,RCP 2.6,2030,0.028906,0.00297985,1
DEMO-03-016,RCP 2.6,2040,0.065625,0.00318493,1
DEMO-03-016,RCP 2.6,2050,0.110156,0.0034526,1
DEMO-03-016,RCP 2.6,2060,0.1625,0.00379602,1
DEMO-03-016,RCP 2.6,2070,0.222656,0.0042329,1
DEMO-03-016,RCP 2.6,2080,0.290625,0.00478704,1
DEMO-03-016,RCP 2.6,2090,0.366406,0.00549033,1
DEMO-03-016,RCP 2.6,2100,0.45,0.0063858,1
DEMO-03-016,RCP 4.5,2020,0.0,0.00282772,1
DEMO-03-016,RCP 4.5,2030,0.032031,0.00299678,1
DEMO-03-016,RCP 4.5,2040,0.078125,0.0032579,1
DEMO-03-016,RCP 4.5,2050,0.138281,0.00363308,1
DEMO-03-016,RCP 4.5,2060,0.2125,0.00415578,1
DEMO-03-016,RCP 4.5,2070,0.300781,0.00487582,1
DEMO-03-016,RCP 4.5,2080,0.403125,0.00586716,1
DEMO-03-016,RCP 4.5,2090,0.519531,0.00724011,1
DEMO-03-016,RCP 4.5,2100,0.65,0.00916064,1
DEMO-03-016,RCP 8.5,2020,0.0,0.00282772,1
DEMO-03-016,RCP 8.5,2030,0.0375,0.00302663,1
DEMO-03-016,RCP 8.5,2040,0.1,0.00338964,1
DEMO-03-016,RCP 8.5,2050,0.1875,0.00397184,1
DEMO-03-016,RCP 8.5,2060,0.3,0.00486893,1
DEMO-03-016,RCP 8.5,2070,0.4375,0.0062432,1
DEMO-03-016,RCP 8.5,2080,0.6,0.00837125,1
DEMO-03-016,RCP 8.5,2090,0.7875,0.01173197,1
DEMO-03-016,RCP 8.5,2100,1.0,0.01717,1
DEMO-03-017,RCP 2.6,2020,0.0,0.03658277,1
DEMO-03-017,RCP 2.6,2030,0.028906,0.03848091,1
DEMO-03-017,RCP 2.6,2040,0.065625,0.04102864,1
DEMO-03-017,RCP 2.6,2050,0.110156,0.04433534,1
DEMO-03-017,RCP 2.6,2060,0.1625,0.04854715,1
DEMO-03-017,RCP 2.6,2070,0.222656,0.05385607,1
DEMO-03-017,RCP 2.6,2080,0.290625,0.06051162,1
DEMO-03-017,RCP 2.6,2090,0.366406,0.06883553,1
DEMO-03-017,RCP 2.6,2100,0.45,0.07923934,1
DEMO-03-017,RCP 4.5,2020,0.0,0.03658277,1
DEMO-03-017,RCP 4.5,2030,0.032031,0.03869169,1
DEMO-03-017,RCP 4.5,2040,0.078125,0.04193224,1
DEMO-03-017,RCP 4.5,2050,0.138281,0.04655317,1
DEMO-03-017,RCP 4.5,2060,0.2125,0.05292285,1
DEMO-03-017,RCP 4.5,2070,0.300781,0.06156997,1
DEMO-03-017,RCP 4.5,2080,0.403125,0.07323989,1
DEMO-03-017,RCP 4.5,2090,0.519531,0.08896755,1
DEMO-03-017,RCP 4.5,2100,0.65,0.11016166,1
DEMO-03-017,RCP 8.5,2020,0.0,0.03658277,1
DEMO-03-017,RCP 8.5,2030,0.0375,0.03906322,1
DEMO-03-017,RCP 8.5,2040,0.1,0.04355949,1
DEMO-03-017,RCP 8.5,2050,0.1875,0.05069032,1
DEMO-03-017,RCP 8.5,2060,0.3,0.06148795,1
DEMO-03-017,RCP 8.5,2070,0.4375,0.07759692,1
DEMO-03-017,RCP 8.5,2080,0.6,0.10156093,1
DEMO-03-017,RCP 8.5,2090,0.7875,0.13715884,1
DEMO-03-017,RCP 8.5,2100,1.0,0.18958219,1
DEMO-03-018,RCP 2.6,2020,0.0,0.44926611,1
DEMO-03-018,RCP 2.6,2030,0.028906,0.46230179,1
DEMO-03-018,RCP 2.6,2040,0.065625,0.47893293,1
DEMO-03-018,RCP 2.6,2050,0.110156,0.49916193,1
DEMO-03-018,RCP 2.6,2060,0.1625,0.52293843,1
DEMO-03-018,RCP 2.6,2070,0.222656,0.55012931,1
DEMO-03-018,RCP 2.6,2080,0.290625,0.58048696,1
DEMO-03-018,RCP 2.6,2090,0.366406,0.61362055,1
DEMO-03-018,RCP 2.6,2100,0.45,0.64897698,1
DEMO-03-018,RCP 4.5,2020,0.0,0.44926611,1
DEMO-03-018,RCP 4.5,2030,0.032031,0.46371447,1
DEMO-03-018,RCP 4.5,2040,0.078125,0.48460714,1
DEMO-03-018,RCP 4.5,2050,0.138281,0.51194375,1
DEMO-03-018,RCP 4.5,2060,0.2125,0.54555513,1
DEMO-03-018,RCP 4.5,2070,0.300781,0.58497701,1
DEMO-03-018,RCP 4.5,2080,0.403125,0.62932407,1
DEMO-03-018,RCP 4.5,2090,0.519531,0.67720704,1
DEMO-03-018,RCP 4.5,2100,0.65,0.7267473,1
DEMO-03-018,RCP 8.5,2020,0.0,0.44926611,1
DEMO-03-018,RCP 8.5,2030,0.0375,0.46618805,1
DEMO-03-018,RCP 8.5,2040,0.1,0.49454567,1
DEMO-03-018,RCP 8.5,2050,0.1875,0.53426439,1
DEMO-03-018,RCP 8.5,2060,0.3,0.58463211,1
DEMO-03-018,RCP 8.5,2070,0.4375,0.64378221,1
DEMO-03-018,RCP 8.5,2080,0.6,0.70832704,1
DEMO-03-018,RCP 8.5,2090,0.7875,0.77350019,1
DEMO-03-018,RCP 8.5,2100,1.0,0.83404151,1
DEMO-03-019,RCP 2.6,2020,0.0,0.0940247,1
DEMO-03-019,RCP 2.6,2030,0.028906,0.09859823,1
DEMO-03-019,RCP 2.6,2040,0.065625,0.10469282,1
DEMO-03-019,RCP 2.6,2050,0.110156,0.11252844,1
DEMO-03-019,RCP 2.6,2060,0.1625,0.12238889,1
DEMO-03-019,RCP 2.6,2070,0.222656,0.13463022,1
DEMO-03-019,RCP 2.6,2080,0.290625,0.14968861,1
DEMO-03-019,RCP 2.6,2090,0.366406,0.16808487,1
DEMO-03-019,RCP 2.6,2100,0.45,0.19042165,1
DEMO-03-019,RCP 4.5,2020,0.0,0.0940247,1
DEMO-03-019,RCP 4.5,2030,0.032031,0.09910437,1
DEMO-03-019,RCP 4.5,2040,0.078125,0.10684231,1
DEMO-03-019,RCP 4.5,2050,0.138281,0.11773729,1
DEMO-03-019,RCP 4.5,2060,0.2125,0.13249333,1
DEMO-03-019,RCP 4.5,2070,0.300781,0.15205422,1
DEMO-03-019,RCP 4.5,2080,0.403125,0.1776282,1
DEMO-03-019,RCP 4.5,2090,0.519531,0.21067653,1
DEMO-03-019,RCP 4.5,2100,0.65,0.25281849,1
DEMO-03-019,RCP 8.5,2020,0.0,0.0940247,1
DEMO-03-019,RCP 8.5,2030,0.0375,0.09999567,1
DEMO-03-019,RCP 8.5,2040,0.1,0.11069748,1
DEMO-03-019,RCP 8.5,2050,0.1875,0.12735555,1
DEMO-03-019,RCP 8.5,2060,0.3,0.15187116,1
DEMO-03-019,RCP 8.5,2070,0.4375,0.18694261,1
DEMO-03-019,RCP 8.5,2080,0.6,0.23603435,1
DEMO-03-019,RCP 8.5,2090,0.7875,0.30287673,1
DEMO-03-019,RCP 8.5,2100,1.0,0.39000939,1
DEMO-03-020,RCP 2.6,2020,0.0,0.03235234,1
DEMO-03-020,RCP 2.6,2030,0.028906,0.03403872,1
DEMO-03-020,RCP 2.6,2040,0.065625,0.03630345,1
DEMO-03-020,RCP 2.6,2050,0.110156,0.03924491,1
DEMO-03-020,RCP 2.6,2060,0.1625,0.0429949,1
DEMO-03-020,RCP 2.6,2070,0.222656,0.0477271,1
DEMO-03-020,RCP 2.6,2080,0.290625,0.05366819,1
DEMO-03-020,RCP 2.6,2090,0.366406,0.06111196,1
DEMO-03-020,RCP 2.6,2100,0.45,0.07043673,1
DEMO-03-020,RCP 4.5,2020,0.0,0.03235234,1
DEMO-03-020,RCP 4.5,2030,0.032031,0.03422604,1
DEMO-03-020,RCP 4.5,2040,0.078125,0.03710701,1
DEMO-03-020,RCP 4.5,2050,0.138281,0.04121908,1
DEMO-03-020,RCP 4.5,2060,0.2125,0.04689481,1
DEMO-03-020,RCP 4.5,2070,0.300781,0.05461381,1
DEMO-03-020,RCP 4.5,2080,0.403125,0.06505666,1
DEMO-03-020,RCP 4.5,2090,0.519531,0.07917718,1
DEMO-03-020,RCP 4.5,2100,0.65,0.09829062,1
DEMO-03-020,RCP 8.5,2020,0.0,0.03235234,1
DEMO-03-020,RCP 8.5,2030,0.0375,0.03455623,1
DEMO-03-020,RCP 8.5,2040,0.1,0.03855455,1
DEMO-03-020,RCP 8.5,2050,0.1875,0.04490453,1
DEMO-03-020,RCP 8.5,2060,0.3,0.05454051,1
DEMO-03-020,RCP 8.5,2070,0.4375,0.0689631,1
DEMO-03-020,RCP 8.5,2080,0.6,0.09052243,1
DEMO-03-020,RCP 8.5,2090,0.7875,0.12278,1
DEMO-03-020,RCP 8.5,2100,1.0,0.17079548,1
DEMO-03-021,RCP 2.6,2020,0.0,0.00279205,1
DEMO-03-021,RCP 2.6,2030,0.028906,0.00294228,1
DEMO-03-021,RCP 2.6,2040,0.065625,0.00314477,1
DEMO-03-021,RCP 2.6,2050,0.110156,0.00340908,1
DEMO-03-021,RCP 2.6,2060,0.1625,0.00374819,1
DEMO-03-021,RCP 2.6,2070,0.222656,0.0041796,1
DEMO-03-021,RCP 2.6,2080,0.290625,0.00472678,1
DEMO-03-021,RCP 2.6,2090,0.366406,0.00542127,1
DEMO-03-021,RCP 2.6,2100,0.45,0.00630555,1
DEMO-03-021,RCP 4.5,2020,0.0,0.00279205,1
DEMO-03-021,RCP 4.5,2030,0.032031,0.00295899,1
DEMO-03-021,RCP 4.5,2040,0.078125,0.00321683,1
DEMO-03-021,RCP 4.5,2050,0.138281,0.0035873,1
DEMO-03-021,RCP 4.5,2060,0.2125,0.00410344,1
DEMO-03-021,RCP 4.5,2070,0.300781,0.00481445,1
DEMO-03-021,RCP 4.5,2080,0.403125,0.00579339,1
DEMO-03-021,RCP 4.5,2090,0.519531,0.0071492,1
DEMO-03-021,RCP 4.5,2100,0.65,0.00904584,1
DEMO-03-021,RCP 8.5,2020,0.0,0.00279205,1
DEMO-03-021,RCP 8.5,2030,0.0375,0.00298847,1
DEMO-03-021,RCP 8.5,2040,0.1,0.00334692,1
DEMO-03-021,RCP 8.5,2050,0.1875,0.00392181,1
DEMO-03-021,RCP 8.5,2060,0.3,0.00480765,1
DEMO-03-021,RCP 8.5,2070,0.4375,0.00616473,1
DEMO-03-021,RCP 8.5,2080,0.6,0.00826626,1
DEMO-03-021,RCP 8.5,2090,0.7875,0.01158532,1
DEMO-03-021,RCP 8.5,2100,1.0,0.01695654,1
DEMO-03-022,RCP 2.6,2020,0.0,0.00756699,1
DEMO-03-022,RCP 2.6,2030,0.028906,0.00797207,1
DEMO-03-022,RCP 2.6,2040,0.065625,0.00851778,1
DEMO-03-022,RCP 2.6,2050,0.110156,0.00922949,1
DEMO-03-022,RCP 2.6,2060,0.1625,0.01014167,1
DEMO-03-022,RCP 2.6,2070,0.222656,0.0113006,1
DEMO-03-022,RCP 2.6,2080,0.290625,0.01276811,1
DEMO-03-022,RCP 2.6,2090,0.366406,0.01462672,1
DEMO-03-022,RCP 2.6,2100,0.45,0.01698687,1
DEMO-03-022,RCP 4.5,2020,0.0,0.00756699,1
DEMO-03-022,RCP 4.5,2030,0.032031,0.00801713,1
DEMO-03-022,RCP 4.5,2040,0.078125,0.00871188,1
DEMO-03-022,RCP 4.5,2050,0.138281,0.00970902,1
DEMO-03-022,RCP 4.5,2060,0.2125,0.01109614,1
DEMO-03-022,RCP 4.5,2070,0.300781,0.01300298,1
DEMO-03-022,RCP 4.5,2080,0.403125,0.01562078,1
DEMO-03-022,RCP 4.5,2090,0.519531,0.01923198,1
DEMO-03-022,RCP 4.5,2100,0.65,0.02425578,1
DEMO-03-022,RCP 8.5,2020,0.0,0.00756699,1
DEMO-03-022,RCP 8.5,2030,0.0375,0.0080966,1
DEMO-03-022,RCP 8.5,2040,0.1,0.00906215,1
DEMO-03-022,RCP 8.5,2050,0.1875,0.01060829,1
DEMO-03-022,RCP 8.5,2060,0.3,0.01298476,1
DEMO-03-022,RCP 8.5,2070,0.4375,0.0166115,1
DEMO-03-022,RCP 8.5,2080,0.6,0.02219475,1
DEMO-03-022,RCP 8.5,2090,0.7875,0.03093194,1
DEMO-03-022,RCP 8.5,2100,1.0,0.04486555,1
DEMO-03-023,RCP 2.6,2020,0.0,0.55388088,1
DEMO-03-023,RCP 2.6,2030,0.028906,0.56682786,1
DEMO-03-023,RCP 2.6,2040,0.065625,0.58314121,1
DEMO-03-023,RCP 2.6,2050,0.110156,0.6026808,1
DEMO-03-023,RCP 2.6,2060,0.1625,0.6252326,1
DEMO-03-023,RCP 2.6,2070,0.222656,0.65048987,1
DEMO-03-023,RCP 2.6,2080,0.290625,0.67803864,1
DEMO-03-023,RCP 2.6,2090,0.366406,0.70735178,1
DEMO-03-023,RCP 2.6,2100,0.45,0.73779618,1
DEMO-03-023,RCP 4.5,2020,0.0,0.55388088,1
DEMO-03-023,RCP 4.5,2030,0.032031,0.56822241,1
DEMO-03-023,RCP 4.5,2040,0.078125,0.58865527,1
DEMO-03-023,RCP 4.5,2050,0.138281,0.61485915,1
DEMO-03-023,RCP 4.5,2060,0.2125,0.64628002,1
DEMO-03-023,RCP 4.5,2070,0.300781,0.68205646,1
DEMO-03-023,RCP 4.5,2080,0.403125,0.72097804,1
DEMO-03-023,RCP 4.5,2090,0.519531,0.76150818,1
DEMO-03-023,RCP 4.5,2100,0.65,0.80189521,1
DEMO-03-023,RCP 8.5,2020,0.0,0.55388088,1
DEMO-03-023,RCP 8.5,2030,0.0375,0.57066025,1
DEMO-03-023,RCP 8.5,2040,0.1,0.59825074,1
DEMO-03-023,RCP 8.5,2050,0.1875,0.63582127,1
DEMO-03-023,RCP 8.5,2060,0.3,0.68174835,1
DEMO-03-023,RCP 8.5,2070,0.4375,0.73337582,1
DEMO-03-023,RCP 8.5,2080,0.6,0.78705643,1
DEMO-03-023,RCP 8.5,2090,0.7875,0.83864517,1
DEMO-03-023,RCP 8.5,2100,1.0,0.88437668,1
DEMO-03-024,RCP 2.6,2020,0.0,0.62969512,1
DEMO-03-024,RCP 2.6,2030,0.028906,0.64186452,1
DEMO-03-024,RCP 2.6,2040,0.065625,0.65706168,1
DEMO-03-024,RCP 2.6,2050,0.110156,0.67506705,1
DEMO-03-024,RCP 2.6,2060,0.1625,0.69558549,1
DEMO-03-024,RCP 2.6,2070,0.222656,0.71823808,1
DEMO-03-024,RCP 2.6,2080,0.290625,0.74256023,1
DEMO-03-024,RCP 2.6,2090,0.366406,0.76800889,1
DEMO-03-024,RCP 2.6,2100,0.45,0.79398096,1
DEMO-03-024,RCP 4.5,2020,0.0,0.62969512,1
DEMO-03-024,RCP 4.5,2030,0.032031,0.64316957,1
DEMO-03-024,RCP 4.5,2040,0.078125,0.66216442,1
DEMO-03-024,RCP 4.5,2050,0.138281,0.68618197,1
DEMO-03-024,RCP 4.5,2060,0.2125,0.71448608,1
DEMO-03-024,RCP 4.5,2070,0.300781,0.74607441,1
DEMO-03-024,RCP 4.5,2080,0.403125,0.77969049,1
DEMO-03-024,RCP 4.5,2090,0.519531,0.81389364,1
DEMO-03-024,RCP 4.5,2100,0.65,0.84718969,1
DEMO-03-024,RCP 8.5,2020,0.0,0.62969512,1
DEMO-03-024,RCP 8.5,2030,0.0375,0.64544829,1
DEMO-03-024,RCP 8.5,2040,0.1,0.67100351,1
DEMO-03-024,RCP 8.5,2050,0.1875,0.70512388,1
DEMO-03-024,RCP 8.5,2060,0.3,0.74580522,1
DEMO-03-024,RCP 8.5,2070,0.4375,0.7902385,1
DEMO-03-024,RCP 8.5,2080,0.6,0.83504573,1
DEMO-03-024,RCP 8.5,2090,0.7875,0.8768278,1
DEMO-03-024,RCP 8.5,2100,1.0,0.91286194,1
DEMO-04-001,RCP 2.6,2020,0.0,0.00159676,1
DEMO-04-001,RCP 2.6,2030,0.028906,0.00168278,1
DEMO-04-001,RCP 2.6,2040,0.065625,0.00179875,1
DEMO-04-001,RCP 2.6,2050,0.110156,0.00195015,1
DEMO-04-001,RCP 2.6,2060,0.1625,0.00214445,1
DEMO-04-001,RCP 2.6,2070,0.222656,0.00239171,1
DEMO-04-001,RCP 2.6,2080,0.290625,0.00270546,1
DEMO-04-001,RCP 2.6,2090,0.366406,0.0031039,1
DEMO-04-001,RCP 2.6,2100,0.45,0.00361155,1
DEMO-04-001,RCP 4.5,2020,0.0,0.00159676,1
DEMO-04-001,RCP 4.5,2030,0.032031,0.00169235,1
DEMO-04-001,RCP 4.5,2040,0.078125,0.00184002,1
DEMO-04-001,RCP 4.5,2050,0.138281,0.00205226,1
DEMO-04-001,RCP 4.5,2060,0.2125,0.00234805,1
DEMO-04-001,RCP 4.5,2070,0.300781,0.00275575,1
DEMO-04-001,RCP 4.5,2080,0.403125,0.00331748,1
DEMO-04-001,RCP 4.5,2090,0.519531,0.00409625,1
DEMO-04-001,RCP 4.5,2100,0.65,0.00518718,1
DEMO-04-001,RCP 8.5,2020,0.0,0.00159676,1
DEMO-04-001,RCP 8.5,2030,0.0375,0.00170923,1
DEMO-04-001,RCP 8.5,2040,0.1,0.00191454,1
DEMO-04-001,RCP 8.5,2050,0.1875,0.00224395,1
DEMO-04-001,RCP 8.5,2060,0.3,0.00275185,1
DEMO-04-001,RCP 8.5,2070,0.4375,0.00353068,1
DEMO-04-001,RCP 8.5,2080,0.6,0.00473856,1
DEMO-04-001,RCP 8.5,2090,0.7875,0.00665068,1
DEMO-04-001,RCP 8.5,2100,1.0,0.00975667,1
DEMO-04-002,RCP 2.6,2020,0.0,0.00107871,1
DEMO-04-002,RCP 2.6,2030,0.028906,0.00113685,1
DEMO-04-002,RCP 2.6,2040,0.065625,0.00121525,1
DEMO-04-002,RCP 2.6,2050,0.110156,0.0013176,1
DEMO-04-002,RCP 2.6,2060,0.1625,0.00144897,1
DEMO-04-002,RCP 2.6,2070,0.222656,0.00161617,1
DEMO-04-002,RCP 2.6,2080,0.290625,0.00182837,1
DEMO-04-002,RCP 2.6,2090,0.366406,0.00209791,1
DEMO-04-002,RCP 2.6,2100,0.45,0.00244143,1
DEMO-04-002,RCP 4.5,2020,0.0,0.00107871,1
DEMO-04-002,RCP 4.5,2030,0.032031,0.00114333,1
DEMO-04-002,RCP 4.5,2040,0.078125,0.00124315,1
DEMO-04-002,RCP 4.5,2050,0.138281,0.00138663,1
DEMO-04-002,RCP 4.5,2060,0.2125,0.00158665,1
DEMO-04-002,RCP 4.5,2070,0.300781,0.00186238,1
DEMO-04-002,RCP 4.5,2080,0.403125,0.00224242,1
DEMO-04-002,RCP 4.5,2090,0.519531,0.00276952,1
DEMO-04-002,RCP 4.5,2100,0.65,0.00350836,1
DEMO-04-002,RCP 8.5,2020,0.0,0.00107871,1
DEMO-04-002,RCP 8.5,2030,0.0375,0.00115474,1
DEMO-04-002,RCP 8.5,2040,0.1,0.00129352,1
DEMO-04-002,RCP 8.5,2050,0.1875,0.00151625,1
DEMO-04-002,RCP 8.5,2060,0.3,0.00185974,1
DEMO-04-002,RCP 8.5,2070,0.4375,0.0023867,1
DEMO-04-002,RCP 8.5,2080,0.6,0.00320447,1
DEMO-04-002,RCP 8.5,2090,0.7875,0.00450034,1
DEMO-04-002,RCP 8.5,2100,1.0,0.00660877,1
DEMO-04-003,RCP 2.6,2020,0.0,0.22128704,1
DEMO-04-003,RCP 2.6,2030,0.028906,0.23047607,1
DEMO-04-003,RCP 2.6,2040,0.065625,0.24252906,1
DEMO-04-003,RCP 2.6,2050,0.110156,0.25771141,1
DEMO-04-003,RCP 2.6,2060,0.1625,0.27633248,1
DEMO-04-003,RCP 2.6,2070,0.222656,0.29873011,1
DEMO-04-003,RCP 2.6,2080,0.290625,0.3252446,1
DEMO-04-003,RCP 2.6,2090,0.366406,0.3561787,1
DEMO-04-003,RCP 2.6,2100,0.45,0.39174097,1
DEMO-04-003,RCP 4.5,2020,0.0,0.22128704,1
DEMO-04-003,RCP 4.5,2030,0.032031,0.23148532,1
DEMO-04-003,RCP 4.5,2040,0.078125,0.24672865,1
DEMO-04-003,RCP 4.5,2050,0.138281,0.26761414,1
DEMO-04-003,RCP 4.5,2060,0.2125,0.29487612,1
DEMO-04-003,RCP 4.5,2070,0.300781,0.32931015,1
DEMO-04-003,RCP 4.5,2080,0.403125,0.37163074,1
DEMO-04-003,RCP 4.5,2090,0.519531,0.42224125,1
DEMO-04-003,RCP 4.5,2100,0.65,0.48091836,1
DEMO-04-003,RCP 8.5,2020,0.0,0.22128704,1
DEMO-04-003,RCP 8.5,2030,0.0375,0.23325894,1
DEMO-04-003,RCP 8.5,2040,0.1,0.25419478,1
DEMO-04-003,RCP 8.5,2050,0.1875,0.28551392,1
DEMO-04-003,RCP 8.5,2060,0.3,0.32899649,1
DEMO-04-003,RCP 8.5,2070,0.4375,0.38633904,1
DEMO-04-003,RCP 8.5,2080,0.6,0.45827905,1
DEMO-04-003,RCP 8.5,2090,0.7875,0.54330035,1
DEMO-04-003,RCP 8.5,2100,1.0,0.63645254,1
DEMO-04-004,RCP 2.6,2020,0.0,0.04371124,1
DEMO-04-004,RCP 2.6,2030,0.028906,0.0459616,1
DEMO-04-004,RCP 2.6,2040,0.065625,0.04897938,1
DEMO-04-004,RCP 2.6,2050,0.110156,0.05289153,1
DEMO-04-004,RCP 2.6,2060,0.1625,0.05786696,1
DEMO-04-004,RCP 2.6,2070,0.222656,0.06412636,1
DEMO-04-004,RCP 2.6,2080,0.290625,0.07195459,1
DEMO-04-004,RCP 2.6,2090,0.366406,0.08171566,1
DEMO-04-004,RCP 2.6,2100,0.45,0.09386993,1
DEMO-04-004,RCP 4.5,2020,0.0,0.04371124,1
DEMO-04-004,RCP 4.5,2030,0.032031,0.04621138,1
DEMO-04-004,RCP 4.5,2040,0.078125,0.05004894,1
DEMO-04-004,RCP 4.5,2050,0.138281,0.05551251,1
DEMO-04-004,RCP 4.5,2060,0.2125,0.06302702,1
DEMO-04-004,RCP 4.5,2070,0.300781,0.07319748,1
DEMO-04-004,RCP 4.5,2080,0.403125,0.08686726,1
DEMO-04-004,RCP 4.5,2090,0.519531,0.10518914,1
DEMO-04-004,RCP 4.5,2100,0.65,0.12969746,1
DEMO-04-004,RCP 8.5,2020,0.0,0.04371124,1
DEMO-04-004,RCP 8.5,2030,0.0375,0.04665162,1
DEMO-04-004,RCP 8.5,2040,0.1,0.0519741,1
DEMO-04-004,RCP 8.5,2050,0.1875,0.06039544,1
DEMO-04-004,RCP 8.5,2060,0.3,0.07310117,1
DEMO-04-004,RCP 8.5,2070,0.4375,0.09195455,1
DEMO-04-004,RCP 8.5,2080,0.6,0.1197768,1
DEMO-04-004,RCP 8.5,2090,0.7875,0.16061809,1
DEMO-04-004,RCP 8.5,2100,1.0,0.21972447,1
DEMO-04-005,RCP 2.6,2020,0.0,0.00785919,1
DEMO-04-005,RCP 2.6,2030,0.028906,0.00827978,1
DEMO-04-005,RCP 2.6,2040,0.065625,0.00884636,1
DEMO-04-005,RCP 2.6,2050,0.110156,0.00958526,1
DEMO-04-005,RCP 2.6,2060,0.1625,0.01053223,1
DEMO-04-005,RCP 2.6,2070,0.222656,0.01173526,1
DEMO-04-005,RCP 2.6,2080,0.290625,0.01325845,1
DEMO-04-005,RCP 2.6,2090,0.366406,0.01518735,1
DEMO-04-005,RCP 2.6,2100,0.45,0.01763634,1
DEMO-04-005,RCP 4.5,2020,0.0,0.00785919,1
DEMO-04-005,RCP 4.5,2030,0.032031,0.00832656,1
DEMO-04-005,RCP 4.5,2040,0.078125,0.00904787,1
DEMO-04-005,RCP 4.5,2050,0.138281,0.01008309,1
DEMO-04-005,RCP 4.5,2060,0.2125,0.01152302,1
DEMO-04-005,RCP 4.5,2070,0.300781,0.01350222,1
DEMO-04-005,RCP 4.5,2080,0.403125,0.01621888,1
DEMO-04-005,RCP 4.5,2090,0.519531,0.01996555,1
DEMO-04-005,RCP 4.5,2100,0.65,0.02517605,1
DEMO-04-005,RCP 8.5,2020,0.0,0.00785919,1
DEMO-04-005,RCP 8.5,2030,0.0375,0.00840907,1
DEMO-04-005,RCP 8.5,2040,0.1,0.00941153,1
DEMO-04-005,RCP 8.5,2050,0.1875,0.01101662,1
DEMO-04-005,RCP 8.5,2060,0.3,0.01348331,1
DEMO-04-005,RCP 8.5,2070,0.4375,0.01724687,1
DEMO-04-005,RCP 8.5,2080,0.6,0.02303868,1
DEMO-04-005,RCP 8.5,2090,0.7875,0.03209718,1
DEMO-04-005,RCP 8.5,2100,1.0,0.04653047,1
DEMO-04-006,RCP 2.6,2020,0.0,0.07310117,1
DEMO-04-006,RCP 2.6,2030,0.028906,0.07674316,1
DEMO-04-006,RCP 2.6,2040,0.065625,0.08160914,1
DEMO-04-006,RCP 2.6,2050,0.110156,0.08788669,1
DEMO-04-006,RCP 2.6,2060,0.1625,0.095821,1
DEMO-04-006,RCP 2.6,2070,0.222656,0.10572514,1
DEMO-04-006,RCP 2.6,2080,0.290625,0.11799131,1
DEMO-04-006,RCP 2.6,2090,0.366406,0.13310186,1
DEMO-04-006,RCP 2.6,2100,0.45,0.15163712,1
DEMO-04-006,RCP 4.5,2020,0.0,0.07310117,1
DEMO-04-006,RCP 4.5,2030,0.032031,0.07714671,1
DEMO-04-006,RCP 4.5,2040,0.078125,0.08332881,1
DEMO-04-006,RCP 4.5,2050,0.138281,0.09207323,1
DEMO-04-006,RCP 4.5,2060,0.2125,0.10399191,1
DEMO-04-006,RCP 4.5,2070,0.300781,0.11992664,1
DEMO-04-006,RCP 4.5,2080,0.403125,0.14099559,1
DEMO-04-006,RCP 4.5,2090,0.519531,0.16862583,1
DEMO-04-006,RCP 4.5,2100,0.65,0.20453596,1
DEMO-04-006,RCP 8.5,2020,0.0,0.07310117,1
DEMO-04-006,RCP 8.5,2030,0.0375,0.0778576,1
DEMO-04-006,RCP 8.5,2040,0.1,0.08641763,1
DEMO-04-006,RCP 8.5,2050,0.1875,0.09983216,1
DEMO-04-006,RCP 8.5,2060,0.3,0.1197768,1
DEMO-04-006,RCP 8.5,2070,0.4375,0.1487365,1
DEMO-04-006,RCP 8.5,2080,0.6,0.19014152,1
DEMO-04-006,RCP 8.5,2090,0.7875,0.24821001,1
DEMO-04-006,RCP 8.5,2100,1.0,0.32699273,1
DEMO-04-007,RCP 2.6,2020,0.0,0.06318827,1
DEMO-04-007,RCP 2.6,2030,0.028906,0.06637175,1
DEMO-04-007,RCP 2.6,2040,0.065625,0.07063043,1
DEMO-04-007,RCP 2.6,2050,0.110156,0.07613348,1
DEMO-04-007,RCP 2.6,2060,0.1625,0.0831034,1
DEMO-04-007,RCP 2.6,2070,0.222656,0.09182654,1
DEMO-04-007,RCP 2.6,2080,0.290625,0.10266532,1
DEMO-04-007,RCP 2.6,2090,0.366406,0.11607143,1
DEMO-04-007,RCP 2.6,2100,0.45,0.13259785,1
DEMO-04-007,RCP 4.5,2020,0.0,0.06318827,1
DEMO-04-007,RCP 4.5,2030,0.032031,0.0667247,1
DEMO-04-007,RCP 4.5,2040,0.078125,0.07213692,1
DEMO-04-007,RCP 4.5,2050,0.138281,0.07980913,1
DEMO-04-007,RCP 4.5,2060,0.2125,0.09029814,1
DEMO-04-007,RCP 4.5,2070,0.300781,0.10437902,1
DEMO-04-007,RCP 4.5,2080,0.403125,0.12309858,1
DEMO-04-007,RCP 4.5,2090,0.519531,0.14782518,1
DEMO-04-007,RCP 4.5,2100,0.65,0.18026613,1
DEMO-04-007,RCP 8.5,2020,0.0,0.06318827,1
DEMO-04-007,RCP 8.5,2030,0.0375,0.06734656,1
DEMO-04-007,RCP 8.5,2040,0.1,0.07484476,1
DEMO-04-007,RCP 8.5,2050,0.1875,0.08663319,1
DEMO-04-007,RCP 8.5,2060,0.3,0.1042463,1
DEMO-04-007,RCP 8.5,2070,0.4375,0.13000562,1
DEMO-04-007,RCP 8.5,2080,0.6,0.16722065,1
DEMO-04-007,RCP 8.5,2090,0.7875,0.22019241,1
DEMO-04-007,RCP 8.5,2100,1.0,0.29355469,1
DEMO-04-008,RCP 2.6,2020,0.0,0.00899707,1
DEMO-04-008,RCP 2.6,2030,0.028906,0.00947798,1
DEMO-04-008,RCP 2.6,2040,0.065625,0.01012571,1
DEMO-04-008,RCP 2.6,2050,0.110156,0.01097029,1
DEMO-04-008,RCP 2.6,2060,0.1625,0.01205243,1
DEMO-04-008,RCP 2.6,2070,0.222656,0.01342675,1
DEMO-04-008,RCP 2.6,2080,0.290625,0.01516612,1
DEMO-04-008,RCP 2.6,2090,0.366406,0.01736766,1
DEMO-04-008,RCP 2.6,2100,0.45,0.02016104,1
DEMO-04-008,RCP 4.5,2020,0.0,0.00899707,1
DEMO-04-008,RCP 4.5,2030,0.032031,0.00953147,1
DEMO-04-008,RCP 4.5,2040,0.078125,0.01035607,1
DEMO-04-008,RCP 4.5,2050,0.138281,0.01153922,1
DEMO-04-008,RCP 4.5,2060,0.2125,0.01318433,1
DEMO-04-008,RCP 4.5,2070,0.300781,0.01544441,1
DEMO-04-008,RCP 4.5,2080,0.403125,0.0185445,1
DEMO-04-008,RCP 4.5,2090,0.519531,0.02281593,1
DEMO-04-008,RCP 4.5,2100,0.65,0.0287485,1
DEMO-04-008,RCP 8.5,2020,0.0,0.00899707,1
DEMO-04-008,RCP 8.5,2030,0.0375,0.0096258,1
DEMO-04-008,RCP 8.5,2040,0.1,0.01077173,1
DEMO-04-008,RCP 8.5,2050,0.1875,0.01260584,1
DEMO-04-008,RCP 8.5,2060,0.3,0.01542283,1
DEMO-04-008,RCP 8.5,2070,0.4375,0.01971693,1
DEMO-04-008,RCP 8.5,2080,0.6,0.02631602,1
DEMO-04-008,RCP 8.5,2090,0.7875,0.03661483,1
DEMO-04-008,RCP 8.5,2100,1.0,0.05296843,1
DEMO-04-009,RCP 2.6,2020,0.0,0.00267316,1
DEMO-04-009,RCP 2.6,2030,0.028906,0.002817,1
DEMO-04-009,RCP 2.6,2040,0.065625,0.0030109,1
DEMO-04-009,RCP 2.6,2050,0.110156,0.00326399,1
DEMO-04-009,RCP 2.6,2060,0.1625,0.00358872,1
DEMO-04-009,RCP 2.6,2070,0.222656,0.00400185,1
DEMO-04-009,RCP 2.6,2080,0.290625,0.00452587,1
DEMO-04-009,RCP 2.6,2090,0.366406,0.005191,1
DEMO-04-009,RCP 2.6,2100,0.45,0.00603794,1
DEMO-04-009,RCP 4.5,2020,0.0,0.00267316,1
DEMO-04-009,RCP 4.5,2030,0.032031,0.00283301,1
DEMO-04-009,RCP 4.5,2040,0.078125,0.0030799,1
DEMO-04-009,RCP 4.5,2050,0.138281,0.00343466,1
DEMO-04-009,RCP 4.5,2060,0.2125,0.00392892,1
DEMO-04-009,RCP 4.5,2070,0.300781,0.00460983,1
DEMO-04-009,RCP 4.5,2080,0.403125,0.0055474,1
DEMO-04-009,RCP 4.5,2090,0.519531,0.00684604,1
DEMO-04-009,RCP 4.5,2100,0.65,0.00866294,1
DEMO-04-009,RCP 8.5,2020,0.0,0.00267316,1
DEMO-04-009,RCP 8.5,2030,0.0375,0.00286124,1
DEMO-04-009,RCP 8.5,2040,0.1,0.00320447,1
DEMO-04-009,RCP 8.5,2050,0.1875,0.00375498,1
DEMO-04-009,RCP 8.5,2060,0.3,0.00460332,1
DEMO-04-009,RCP 8.5,2070,0.4375,0.00590306,1
DEMO-04-009,RCP 8.5,2080,0.6,0.0079161,1
DEMO-04-009,RCP 8.5,2090,0.7875,0.01109614,1
DEMO-04-009,RCP 8.5,2100,1.0,0.01624429,1
DEMO-04-010,RCP 2.6,2020,0.0,0.03184396,1
DEMO-04-010,RCP 2.6,2030,0.028906,0.03350477,1
DEMO-04-010,RCP 2.6,2040,0.065625,0.03573529,1
DEMO-04-010,RCP 2.6,2050,0.110156,0.03863256,1
DEMO-04-010,RCP 2.6,2060,0.1625,0.04232661,1
DEMO-04-010,RCP 2.6,2070,0.222656,0.04698887,1
DEMO-04-010,RCP 2.6,2080,0.290625,0.05284316,1
DEMO-04-010,RCP 2.6,2090,0.366406,0.06017978,1
DEMO-04-010,RCP 2.6,2100,0.45,0.06937282,1
DEMO-04-010,RCP 4.5,2020,0.0,0.03184396,1
DEMO-04-010,RCP 4.5,2030,0.032031,0.03368925,1
DEMO-04-010,RCP 4.5,2040,0.078125,0.03652674,1
DEMO-04-010,RCP 4.5,2050,0.138281,0.04057722,1
DEMO-04-010,RCP 4.5,2060,0.2125,0.04616883,1
DEMO-04-010,RCP 4.5,2070,0.300781,0.05377506,1
DEMO-04-010,RCP 4.5,2080,0.403125,0.06406841,1
DEMO-04-010,RCP 4.5,2090,0.519531,0.07799232,1
DEMO-04-010,RCP 4.5,2100,0.65,0.09684982,1
DEMO-04-010,RCP 8.5,2020,0.0,0.03184396,1
DEMO-04-010,RCP 8.5,2030,0.0375,0.03401444,1
DEMO-04-010,RCP 8.5,2040,0.1,0.03795254,1
DEMO-04-010,RCP 8.5,2050,0.1875,0.04420792,1
DEMO-04-010,RCP 8.5,2060,0.3,0.05370283,1
DEMO-04-010,RCP 8.5,2070,0.4375,0.06791982,1
DEMO-04-010,RCP 8.5,2080,0.6,0.08918423,1
DEMO-04-010,RCP 8.5,2090,0.7875,0.12102841,1
DEMO-04-010,RCP 8.5,2100,1.0,0.16849046,1
DEMO-04-011,RCP 2.6,2020,0.0,0.01180598,1
DEMO-04-011,RCP 2.6,2030,0.028906,0.01243514,1
DEMO-04-011,RCP 2.6,2040,0.065625,0.01328226,1
DEMO-04-011,RCP 2.6,2050,0.110156,0.01438629,1
DEMO-04-011,RCP 2.6,2060,0.1625,0.01580002,1
DEMO-04-011,RCP 2.6,2070,0.222656,0.01759406,1
DEMO-04-011,RCP 2.6,2080,0.290625,0.01986242,1
DEMO-04-011,RCP 2.6,2090,0.366406,0.02272995,1
DEMO-04-011,RCP 2.6,2100,0.45,0.02636264,1
DEMO-04-011,RCP 4.5,2020,0.0,0.01180598,1
DEMO-04-011,RCP 4.5,2030,0.032031,0.01250511,1
DEMO-04-011,RCP 4.5,2040,0.078125,0.01358344,1
DEMO-04-011,RCP 4.5,2050,0.138281,0.01512967,1
DEMO-04-011,RCP 4.5,2060,0.2125,0.01727771,1
DEMO-04-011,RCP 4.5,2070,0.300781,0.02022511,1
DEMO-04-011,RCP 4.5,2080,0.403125,0.02426116,1
DEMO-04-011,RCP 4.5,2090,0.519531,0.02980935,1
DEMO-04-011,RCP 4.5,2100,0.65,0.03749057,1
DEMO-04-011,RCP 8.5,2020,0.0,0.01180598,1
DEMO-04-011,RCP 8.5,2030,0.0375,0.01262849,1
DEMO-04-011,RCP 8.5,2040,0.1,0.01412679,1
DEMO-04-011,RCP 8.5,2050,0.1875,0.01652263,1
DEMO-04-011,RCP 8.5,2060,0.3,0.02019699,1
DEMO-04-011,RCP 8.5,2070,0.4375,0.02578553,1
DEMO-04-011,RCP 8.5,2080,0.6,0.03434455,1
DEMO-04-011,RCP 8.5,2090,0.7875,0.04763164,1
DEMO-04-011,RCP 8.5,2100,1.0,0.06855563,1
DEMO-04-012,RCP 2.6,2020,0.0,0.00113293,1
DEMO-04-012,RCP 2.6,2030,0.028906,0.00119399,1
DEMO-04-012,RCP 2.6,2040,0.065625,0.00127632,1
DEMO-04-012,RCP 2.6,2050,0.110156,0.0013838,1
DEMO-04-012,RCP 2.6,2060,0.1625,0.00152176,1
DEMO-04-012,RCP 2.6,2070,0.222656,0.00169735,1
DEMO-04-012,RCP 2.6,2080,0.290625,0.00192019,1
DEMO-04-012,RCP 2.6,2090,0.366406,0.00220323,1
DEMO-04-012,RCP 2.6,2100,0.45,0.00256396,1
DEMO-04-012,RCP 4.5,2020,0.0,0.00113293,1
DEMO-04-012,RCP 4.5,2030,0.032031,0.00120078,1
DEMO-04-012,RCP 4.5,2040,0.078125,0.00130562,1
DEMO-04-012,RCP 4.5,2050,0.138281,0.0014563,1
DEMO-04-012,RCP 4.5,2060,0.2125,0.00166635,1
DEMO-04-012,RCP 4.5,2070,0.300781,0.00195591,1
DEMO-04-012,RCP 4.5,2080,0.403125,0.00235498,1
DEMO-04-012,RCP 4.5,2090,0.519531,0.00290847,1
DEMO-04-012,RCP 4.5,2100,0.65,0.00368424,1
DEMO-04-012,RCP 8.5,2020,0.0,0.00113293,1
DEMO-04-012,RCP 8.5,2030,0.0375,0.00121277,1
DEMO-04-012,RCP 8.5,2040,0.1,0.00135852,1
DEMO-04-012,RCP 8.5,2050,0.1875,0.00159242,1
DEMO-04-012,RCP 8.5,2060,0.3,0.00195314,1
DEMO-04-012,RCP 8.5,2070,0.4375,0.00250649,1
DEMO-04-012,RCP 8.5,2080,0.6,0.00336516,1
DEMO-04-012,RCP 8.5,2090,0.7875,0.00472571,1
DEMO-04-012,RCP 8.5,2100,1.0,0.00693899,1
DEMO-04-013,RCP 2.6,2020,0.0,0.0013438,1
DEMO-04-013,RCP 2.6,2030,0.028906,0.00141621,1
DEMO-04-013,RCP 2.6,2040,0.065625,0.00151384,1
DEMO-04-013,RCP 2.6,2050,0.110156,0.0016413,1
DEMO-04-013,RCP 2.6,2060,0.1625,0.00180488,1
DEMO-04-013,RCP 2.6,2070,0.222656,0.00201307,1
DEMO-04-013,RCP 2.6,2080,0.290625,0.00227727,1
DEMO-04-013,RCP 2.6,2090,0.366406,0.0026128,1
DEMO-04-013,RCP 2.6,2100,0.45,0.00304038,1
DEMO-04-013,RCP 4.5,2020,0.0,0.0013438,1
DEMO-04-013,RCP 4.5,2030,0.032031,0.00142427,1
DEMO-04-013,RCP 4.5,2040,0.078125,0.00154859,1
DEMO-04-013,RCP 4.5,2050,0.138281,0.00172726,1
DEMO-04-013,RCP 4.5,2060,0.2125,0.00197631,1
DEMO-04-013,RCP 4.5,2070,0.300781,0.00231961,1
DEMO-04-013,RCP 4.5,2080,0.403125,0.00279269,1
DEMO-04-013,RCP 4.5,2090,0.519531,0.00344869,1
DEMO-04-013,RCP 4.5,2100,0.65,0.00436792,1
DEMO-04-013,RCP 8.5,2020,0.0,0.0013438,1
DEMO-04-013,RCP 8.5,2030,0.0375,0.00143848,1
DEMO-04-013,RCP 8.5,2040,0.1,0.00161132,1
DEMO-04-013,RCP 8.5,2050,0.1875,0.00188865,1
DEMO-04-013,RCP 8.5,2060,0.3,0.00231632,1
DEMO-04-013,RCP 8.5,2070,0.4375,0.00297226,1
DEMO-04-013,RCP 8.5,2080,0.6,0.00398987,1
DEMO-04-013,RCP 8.5,2090,0.7875,0.00560157,1
DEMO-04-013,RCP 8.5,2100,1.0,0.00822166,1
DEMO-04-014,RCP 2.6,2020,0.0,0.03775389,1
DEMO-04-014,RCP 2.6,2030,0.028906,0.03971028,1
DEMO-04-014,RCP 2.6,2040,0.065625,0.04233582,1
DEMO-04-014,RCP 2.6,2050,0.110156,0.04574285,1
DEMO-04-014,RCP 2.6,2060,0.1625,0.05008137,1
DEMO-04-014,RCP 2.6,2070,0.222656,0.05554827,1
DEMO-04-014,RCP 2.6,2080,0.290625,0.06239915,1
DEMO-04-014,RCP 2.6,2090,0.366406,0.07096309,1
DEMO-04-014,RCP 2.6,2100,0.45,0.08166026,1
DEMO-04-014,RCP 4.5,2020,0.0,0.03775389,1
DEMO-04-014,RCP 4.5,2030,0.032031,0.03992751,1
DEMO-04-014,RCP 4.5,2040,0.078125,0.04326691,1
DEMO-04-014,RCP 4.5,2050,0.138281,0.04802755,1
DEMO-04-014,RCP 4.5,2060,0.2125,0.05458741,1
DEMO-04-014,RCP 4.5,2070,0.300781,0.06348827,1
DEMO-04-014,RCP 4.5,2080,0.403125,0.07549254,1
DEMO-04-014,RCP 4.5,2090,0.519531,0.0916561,1
DEMO-04-014,RCP 4.5,2100,0.65,0.11341095,1
DEMO-04-014,RCP 8.5,2020,0.0,0.03775389,1
DEMO-04-014,RCP 8.5,2030,0.0375,0.04031042,1
DEMO-04-014,RCP 8.5,2040,0.1,0.04494353,1
DEMO-04-014,RCP 8.5,2050,0.1875,0.05228855,1
DEMO-04-014,RCP 8.5,2060,0.3,0.06340387,1
DEMO-04-014,RCP 8.5,2070,0.4375,0.07997202,1
DEMO-04-014,RCP 8.5,2080,0.6,0.10458635,1
DEMO-04-014,RCP 8.5,2090,0.7875,0.14107819,1
DEMO-04-014,RCP 8.5,2100,1.0,0.19466158,1
DEMO-04-015,RCP 2.6,2020,0.0,0.06190898,1
DEMO-04-015,RCP 2.6,2030,0.028906,0.06503248,1
DEMO-04-015,RCP 2.6,2040,0.065625,0.06921159,1
DEMO-04-015,RCP 2.6,2050,0.110156,0.07461297,1
DEMO-04-015,RCP 2.6,2060,0.1625,0.08145597,1
DEMO-04-015,RCP 2.6,2070,0.222656,0.09002315,1
DEMO-04-015,RCP 2.6,2080,0.290625,0.10067267,1
DEMO-04-015,RCP 2.6,2090,0.366406,0.11385159,1
DEMO-04-015,RCP 2.6,2100,0.45,0.13010847,1
DEMO-04-015,RCP 4.5,2020,0.0,0.06190898,1
DEMO-04-015,RCP 4.5,2030,0.032031,0.06537881,1
DEMO-04-015,RCP 4.5,2040,0.078125,0.07069012,1
DEMO-04-015,RCP 4.5,2050,0.138281,0.07822143,1
DEMO-04-015,RCP 4.5,2060,0.2125,0.08852185,1
DEMO-04-015,RCP 4.5,2070,0.300781,0.1023569,1
DEMO-04-015,RCP 4.5,2080,0.403125,0.12076271,1
DEMO-04-015,RCP 4.5,2090,0.519531,0.14509774,1
DEMO-04-015,RCP 4.5,2100,0.65,0.17706452,1
DEMO-04-015,RCP 8.5,2020,0.0,0.06190898,1
DEMO-04-015,RCP 8.5,2030,0.0375,0.06598901,1
DEMO-04-015,RCP 8.5,2040,0.1,0.07334795,1
DEMO-04-015,RCP 8.5,2050,0.1875,0.08492226,1
DEMO-04-015,RCP 8.5,2060,0.3,0.10222646,1
DEMO-04-015,RCP 8.5,2070,0.4375,0.12755775,1
DEMO-04-015,RCP 8.5,2080,0.6,0.16420431,1
DEMO-04-015,RCP 8.5,2090,0.7875,0.21646894,1
DEMO-04-015,RCP 8.5,2100,1.0,0.2890505,1
DEMO-04-016,RCP 2.6,2020,0.0,0.46460476,1
DEMO-04-016,RCP 2.6,2030,0.028906,0.47769946,1
DEMO-04-016,RCP 2.6,2040,0.065625,0.49437524,1
DEMO-04-016,RCP 2.6,2050,0.110156,0.51461232,1
DEMO-04-016,RCP 2.6,2060,0.1625,0.53833372,1
DEMO-04-016,RCP 2.6,2070,0.222656,0.56537641,1
DEMO-04-016,RCP 2.6,2080,0.290625,0.59546176,1
DEMO-04-016,RCP 2.6,2090,0.366406,0.62817022,1
DEMO-04-016,RCP 2.6,2100,0.45,0.66292662,1
DEMO-04-016,RCP 4.5,2020,0.0,0.46460476,1
DEMO-04-016,RCP 4.5,2030,0.032031,0.47911727,1
DEMO-04-016,RCP 4.5,2040,0.078125,0.50005682,1
DEMO-04-016,RCP 4.5,2050,0.138281,0.52737317,1
DEMO-04-016,RCP 4.5,2060,0.2125,0.5608335,1
DEMO-04-016,RCP 4.5,2070,0.300781,0.59990201,1
DEMO-04-016,RCP 4.5,2080,0.403125,0.64362584,1
DEMO-04-016,RCP 4.5,2090,0.519531,0.69056971,1
DEMO-04-016,RCP 4.5,2100,0.65,0.73885001,1
DEMO-04-016,RCP 8.5,2020,0.0,0.46460476,1
DEMO-04-016,RCP 8.5,2030,0.0375,0.48159922,1
DEMO-04-016,RCP 8.5,2040,0.1,0.50999867,1
DEMO-04-016,RCP 8.5,2050,0.1875,0.54960897,1
DEMO-04-016,RCP 8.5,2060,0.3,0.59956102,1
DEMO-04-016,RCP 8.5,2070,0.4375,0.65782944,1
DEMO-04-016,RCP 8.5,2080,0.6,0.72093232,1
DEMO-04-016,RCP 8.5,2090,0.7875,0.78414719,1
DEMO-04-016,RCP 8.5,2100,1.0,0.84242242,1
DEMO-04-017,RCP 2.6,2020,0.0,0.00165279,1
DEMO-04-017,RCP 2.6,2030,0.028906,0.00174182,1
DEMO-04-017,RCP 2.6,2040,0.065625,0.00186186,1
DEMO-04-017,RCP 2.6,2050,0.110156,0.00201856,1
DEMO-04-017,RCP 2.6,2060,0.1625,0.00221965,1
DEMO-04-017,RCP 2.6,2070,0.222656,0.00247557,1
DEMO-04-017,RCP 2.6,2080,0.290625,0.00280029,1
DEMO-04-017,RCP 2.6,2090,0.366406,0.00321264,1
DEMO-04-017,RCP 2.6,2100,0.45,0.00373802,1
DEMO-04-017,RCP 4.5,2020,0.0,0.00165279,1
DEMO-04-017,RCP 4.5,2030,0.032031,0.00175173,1
DEMO-04-017,RCP 4.5,2040,0.078125,0.00190457,1
DEMO-04-017,RCP 4.5,2050,0.138281,0.00212424,1
DEMO-04-017,RCP 4.5,2060,0.2125,0.00243038,1
DEMO-04-017,RCP 4.5,2070,0.300781,0.00285233,1
DEMO-04-017,RCP 4.5,2080,0.403125,0.00343368,1
DEMO-04-017,RCP 4.5,2090,0.519531,0.00423962,1
DEMO-04-017,RCP 4.5,2100,0.65,0.00536853,1
DEMO-04-017,RCP 8.5,2020,0.0,0.00165279,1
DEMO-04-017,RCP 8.5,2030,0.0375,0.0017692,1
DEMO-04-017,RCP 8.5,2040,0.1,0.0019817,1
DEMO-04-017,RCP 8.5,2050,0.1875,0.00232264,1
DEMO-04-017,RCP 8.5,2060,0.3,0.0028483,1
DEMO-04-017,RCP 8.5,2070,0.4375,0.00365433,1
DEMO-04-017,RCP 8.5,2080,0.6,0.0049043,1
DEMO-04-017,RCP 8.5,2090,0.7875,0.00688283,1
DEMO-04-017,RCP 8.5,2100,1.0,0.01009614,1
DEMO-04-018,RCP 2.6,2020,0.0,0.11674351,1
DEMO-04-018,RCP 2.6,2030,0.028906,0.12227298,1
DEMO-04-018,RCP 2.6,2040,0.065625,0.12962052,1
DEMO-04-018,RCP 2.6,2050,0.110156,0.13903211,1
DEMO-04-018,RCP 2.6,2060,0.1625,0.15082029,1
DEMO-04-018,RCP 2.6,2070,0.222656,0.16536949,1
DEMO-04-018,RCP 2.6,2080,0.290625,0.18313844,1
DEMO-04-018,RCP 2.6,2090,0.366406,0.20465617,1
DEMO-04-018,RCP 2.6,2100,0.45,0.2305063,1
DEMO-04-018,RCP 4.5,2020,0.0,0.11674351,1
DEMO-04-018,RCP 4.5,2030,0.032031,0.12288408,1
DEMO-04-018,RCP 4.5,2040,0.078125,0.13220625,1
DEMO-04-018,RCP 4.5,2050,0.138281,0.14526698,1
DEMO-04-018,RCP 4.5,2060,0.2125,0.1628365,1
DEMO-04-018,RCP 4.5,2070,0.300781,0.18591709,1
DEMO-04-018,RCP 4.5,2080,0.403125,0.21573743,1
DEMO-04-018,RCP 4.5,2090,0.519531,0.25368885,1
DEMO-04-018,RCP 4.5,2100,0.65,0.30115199,1
DEMO-04-018,RCP 8.5,2020,0.0,0.11674351,1
DEMO-04-018,RCP 8.5,2030,0.0375,0.12395981,1
DEMO-04-018,RCP 8.5,2040,0.1,0.1368364,1
DEMO-04-018,RCP 8.5,2050,0.1875,0.15673467,1
DEMO-04-018,RCP 8.5,2060,0.3,0.1857022,1
DEMO-04-018,RCP 8.5,2070,0.4375,0.22649981,1
DEMO-04-018,RCP 8.5,2080,0.6,0.28237174,1
DEMO-04-018,RCP 8.5,2090,0.7875,0.35621779,1
DEMO-04-018,RCP 8.5,2100,1.0,0.44881628,1
DEMO-04-019,RCP 2.6,2020,0.0,0.02603793,1
DEMO-04-019,RCP 2.6,2030,0.028906,0.02740449,1
DEMO-04-019,RCP 2.6,2040,0.065625,0.02924118,1
DEMO-04-019,RCP 2.6,2050,0.110156,0.03162921,1
DEMO-04-019,RCP 2.6,2060,0.1625,0.03467775,1
DEMO-04-019,RCP 2.6,2070,0.222656,0.03853139,1
DEMO-04-019,RCP 2.6,2080,0.290625,0.04337994,1
DEMO-04-019,RCP 2.6,2090,0.366406,0.04947133,1
DEMO-04-019,RCP 2.6,2100,0.45,0.05712799,1
DEMO-04-019,RCP 4.5,2020,0.0,0.02603793,1
DEMO-04-019,RCP 4.5,2030,0.032031,0.02755634,1
DEMO-04-019,RCP 4.5,2040,0.078125,0.02989327,1
DEMO-04-019,RCP 4.5,2050,0.138281,0.03323353,1
DEMO-04-019,RCP 4.5,2060,0.2125,0.03785309,1
DEMO-04-019,RCP 4.5,2070,0.300781,0.04415274,1
DEMO-04-019,RCP 4.5,2080,0.403125,0.05270683,1
DEMO-04-019,RCP 4.5,2090,0.519531,0.06433126,1
DEMO-04-019,RCP 4.5,2100,0.65,0.08017291,1
DEMO-04-019,RCP 8.5,2020,0.0,0.02603793,1
DEMO-04-019,RCP 8.5,2030,0.0375,0.02782404,1
DEMO-04-019,RCP 8.5,2040,0.1,0.03106848,1
DEMO-04-019,RCP 8.5,2050,0.1875,0.03623196,1
DEMO-04-019,RCP 8.5,2060,0.3,0.04409283,1
DEMO-04-019,RCP 8.5,2070,0.4375,0.05591605,1
DEMO-04-019,RCP 8.5,2080,0.6,0.07371955,1
DEMO-04-019,RCP 8.5,2090,0.7875,0.10065209,1
DEMO-04-019,RCP 8.5,2100,1.0,0.14140899,1
DEMO-04-020,RCP 2.6,2020,0.0,0.13899811,1
DEMO-04-020,RCP 2.6,2030,0.028906,0.14540813,1
DEMO-04-020,RCP 2.6,2040,0.065625,0.15390213,1
DEMO-04-020,RCP 2.6,2050,0.110156,0.16474307,1
DEMO-04-020,RCP 2.6,2060,0.1625,0.17825986,1
DEMO-04-020,RCP 2.6,2070,0.222656,0.19484871,1
DEMO-04-020,RCP 2.6,2080,0.290625,0.21496935,1
DEMO-04-020,RCP 2.6,2090,0.366406,0.23913218,1
DEMO-04-020,RCP 2.6,2100,0.45,0.26787035,1
DEMO-04-020,RCP 4.5,2020,0.0,0.13899811,1
DEMO-04-020,RCP 4.5,2030,0.032031,0.1461156,1
DEMO-04-020,RCP 4.5,2040,0.078125,0.15688492,1
DEMO-04-020,RCP 4.5,2050,0.138281,0.17190073,1
DEMO-04-020,RCP 4.5,2060,0.2125,0.19196804,1
DEMO-04-020,RCP 4.5,2070,0.300781,0.21810202,1
DEMO-04-020,RCP 4.5,2080,0.403125,0.25148991,1
DEMO-04-020,RCP 4.5,2090,0.519531,0.29337798,1
DEMO-04-020,RCP 4.5,2100,0.65,0.34483565,1
DEMO-04-020,RCP 8.5,2020,0.0,0.13899811,1
DEMO-04-020,RCP 8.5,2030,0.0375,0.14736054,1
DEMO-04-020,RCP 8.5,2040,0.1,0.16221781,1
DEMO-04-020,RCP 8.5,2050,0.1875,0.18501583,1
DEMO-04-020,RCP 8.5,2060,0.3,0.21785988,1
DEMO-04-020,RCP 8.5,2070,0.4375,0.26343675,1
DEMO-04-020,RCP 8.5,2080,0.6,0.32459653,1
DEMO-04-020,RCP 8.5,2090,0.7875,0.40327969,1
DEMO-04-020,RCP 8.5,2100,1.0,0.49863637,1
DEMO-04-021,RCP 2.6,2020,0.0,0.00075695,1
DEMO-04-021,RCP 2.6,2030,0.028906,0.00079777,1
DEMO-04-021,RCP 2.6,2040,0.065625,0.0008528,1
DEMO-04-021,RCP 2.6,2050,0.110156,0.00092465,1
DEMO-04-021,RCP 2.6,2060,0.1625,0.00101688,1
DEMO-04-021,RCP 2.6,2070,0.222656,0.00113428,1
DEMO-04-021,RCP 2.6,2080,0.290625,0.00128329,1
DEMO-04-021,RCP 2.6,2090,0.366406,0.00147259,1
DEMO-04-021,RCP 2.6,2100,0.45,0.00171389,1
DEMO-04-021,RCP 4.5,2020,0.0,0.00075695,1
DEMO-04-021,RCP 4.5,2030,0.032031,0.00080231,1
DEMO-04-021,RCP 4.5,2040,0.078125,0.00087238,1
DEMO-04-021,RCP 4.5,2050,0.138281,0.00097312,1
DEMO-04-021,RCP 4.5,2060,0.2125,0.00111355,1
DEMO-04-021,RCP 4.5,2070,0.300781,0.00130717,1
DEMO-04-021,RCP 4.5,2080,0.403125,0.00157409,1
DEMO-04-021,RCP 4.5,2090,0.519531,0.00194441,1
DEMO-04-021,RCP 4.5,2100,0.65,0.00246367,1
DEMO-04-021,RCP 8.5,2020,0.0,0.00075695,1
DEMO-04-021,RCP 8.5,2030,0.0375,0.00081032,1
DEMO-04-021,RCP 8.5,2040,0.1,0.00090775,1
DEMO-04-021,RCP 8.5,2050,0.1875,0.00106412,1
DEMO-04-021,RCP 8.5,2060,0.3,0.00130532,1
DEMO-04-021,RCP 8.5,2070,0.4375,0.00167544,1
DEMO-04-021,RCP 8.5,2080,0.6,0.00225006,1
DEMO-04-021,RCP 8.5,2090,0.7875,0.0031612,1
DEMO-04-021,RCP 8.5,2100,1.0,0.00464516,1
DEMO-04-022,RCP 2.6,2020,0.0,0.00479896,1
DEMO-04-022,RCP 2.6,2030,0.028906,0.00505661,1
DEMO-04-022,RCP 2.6,2040,0.065625,0.00540384,1
DEMO-04-022,RCP 2.6,2050,0.110156,0.0058569,1
DEMO-04-022,RCP 2.6,2060,0.1625,0.00643792,1
DEMO-04-022,RCP 2.6,2070,0.222656,0.00717668,1
DEMO-04-022,RCP 2.6,2080,0.290625,0.00811304,1
DEMO-04-022,RCP 2.6,2090,0.366406,0.00930042,1
DEMO-04-022,RCP 2.6,2100,0.45,0.01081055,1
DEMO-04-022,RCP 4.5,2020,0.0,0.00479896,1
DEMO-04-022,RCP 4.5,2030,0.032031,0.00508528,1
DEMO-04-022,RCP 4.5,2040,0.078125,0.00552737,1
DEMO-04-022,RCP 4.5,2050,0.138281,0.00616229,1
DEMO-04-022,RCP 4.5,2060,0.2125,0.0070463,1
DEMO-04-022,RCP 4.5,2070,0.300781,0.008263,1
DEMO-04-022,RCP 4.5,2080,0.403125,0.00993614,1
DEMO-04-022,RCP 4.5,2090,0.519531,0.01224952,1
DEMO-04-022,RCP 4.5,2100,0.65,0.01547814,1
DEMO-04-022,RCP 8.5,2020,0.0,0.00479896,1
DEMO-04-022,RCP 8.5,2030,0.0375,0.00513584,1
DEMO-04-022,RCP 8.5,2040,0.1,0.00575035,1
DEMO-04-022,RCP 8.5,2050,0.1875,0.00673529,1
DEMO-04-022,RCP 8.5,2060,0.3,0.00825137,1
DEMO-04-022,RCP 8.5,2070,0.4375,0.01057019,1
DEMO-04-022,RCP 8.5,2080,0.6,0.01415214,1
DEMO-04-022,RCP 8.5,2090,0.7875,0.01978734,1
DEMO-04-022,RCP 8.5,2100,1.0,0.0288502,1
DEMO-04-023,RCP 2.6,2020,0.0,0.00367092,1
DEMO-04-023,RCP 2.6,2030,0.028906,0.00386824,1
DEMO-04-023,RCP 2.6,2040,0.065625,0.0041342,1
DEMO-04-023,RCP 2.6,2050,0.110156,0.00448129,1
DEMO-04-023,RCP 2.6,2060,0.1625,0.00492653,1
DEMO-04-023,RCP 2.6,2070,0.222656,0.00549281,1
DEMO-04-023,RCP 2.6,2080,0.290625,0.00621085,1
DEMO-04-023,RCP 2.6,2090,0.366406,0.00712183,1
DEMO-04-023,RCP 2.6,2100,0.45,0.00828118,1
DEMO-04-023,RCP 4.5,2020,0.0,0.00367092,1
DEMO-04-023,RCP 4.5,2030,0.032031,0.0038902,1
DEMO-04-023,RCP 4.5,2040,0.078125,0.00422884,1
DEMO-04-023,RCP 4.5,2050,0.138281,0.0047153,1
DEMO-04-023,RCP 4.5,2060,0.2125,0.00539286,1
DEMO-04-023,RCP 4.5,2070,0.300781,0.00632587,1
DEMO-04-023,RCP 4.5,2080,0.403125,0.00760978,1
DEMO-04-023,RCP 4.5,2090,0.519531,0.00938667,1
DEMO-04-023,RCP 4.5,2100,0.65,0.01186979,1
DEMO-04-023,RCP 8.5,2020,0.0,0.00367092,1
DEMO-04-023,RCP 8.5,2030,0.0375,0.00392892,1
DEMO-04-023,RCP 8.5,2040,0.1,0.00439966,1
DEMO-04-023,RCP 8.5,2050,0.1875,0.00515445,1
DEMO-04-023,RCP 8.5,2060,0.3,0.00631695,1
DEMO-04-023,RCP 8.5,2070,0.4375,0.0080966,1
DEMO-04-023,RCP 8.5,2080,0.6,0.0108495,1
DEMO-04-023,RCP 8.5,2090,0.7875,0.0151899,1
DEMO-04-023,RCP 8.5,2100,1.0,0.02219475,1
DEMO-04-024,RCP 2.6,2020,0.0,0.00080226,1
DEMO-04-024,RCP 2.6,2030,0.028906,0.00084552,1
DEMO-04-024,RCP 2.6,2040,0.065625,0.00090384,1
DEMO-04-024,RCP 2.6,2050,0.110156,0.00097999,1
DEMO-04-024,RCP 2.6,2060,0.1625,0.00107773,1
DEMO-04-024,RCP 2.6,2070,0.222656,0.00120215,1
DEMO-04-024,RCP 2.6,2080,0.290625,0.00136006,1
DEMO-04-024,RCP 2.6,2090,0.366406,0.00156067,1
DEMO-04-024,RCP 2.6,2100,0.45,0.00181638,1
DEMO-04-024,RCP 4.5,2020,0.0,0.00080226,1
DEMO-04-024,RCP 4.5,2030,0.032031,0.00085033,1
DEMO-04-024,RCP 4.5,2040,0.078125,0.0009246,1
DEMO-04-024,RCP 4.5,2050,0.138281,0.00103135,1
DEMO-04-024,RCP 4.5,2060,0.2125,0.00118018,1
DEMO-04-024,RCP 4.5,2070,0.300781,0.00138538,1
DEMO-04-024,RCP 4.5,2080,0.403125,0.00166824,1
DEMO-04-024,RCP 4.5,2090,0.519531,0.00206065,1
DEMO-04-024,RCP 4.5,2100,0.65,0.00261088,1
DEMO-04-024,RCP 8.5,2020,0.0,0.00080226,1
DEMO-04-024,RCP 8.5,2030,0.0375,0.00085882,1
DEMO-04-024,RCP 8.5,2040,0.1,0.00096208,1
DEMO-04-024,RCP 8.5,2050,0.1875,0.00112779,1
DEMO-04-024,RCP 8.5,2060,0.3,0.00138341,1
DEMO-04-024,RCP 8.5,2070,0.4375,0.00177564,1
DEMO-04-024,RCP 8.5,2080,0.6,0.00238454,1
DEMO-04-024,RCP 8.5,2090,0.7875,0.00334995,1
DEMO-04-024,RCP 8.5,2100,1.0,0.00492207,1
DEMO-05-001,RCP 2.6,2020,0.0,0.01377663,1
DEMO-05-001,RCP 2.6,2030,0.028906,0.01450927,1
DEMO-05-001,RCP 2.6,2040,0.065625,0.01549547,1
DEMO-05-001,RCP 2.6,2050,0.110156,0.01678033,1
DEMO-05-001,RCP 2.6,2060,0.1625,0.01842492,1
DEMO-05-001,RCP 2.6,2070,0.222656,0.0205108,1
DEMO-05-001,RCP 2.6,2080,0.290625,0.02314634,1
DEMO-05-001,RCP 2.6,2090,0.366406,0.02647517,1
DEMO-05-001,RCP 2.6,2100,0.45,0.03068763,1
DEMO-05-001,RCP 4.5,2020,0.0,0.01377663,1
DEMO-05-001,RCP 4.5,2030,0.032031,0.01459073,1
DEMO-05-001,RCP 4.5,2040,0.078125,0.01584603,1
DEMO-05-001,RCP 4.5,2050,0.138281,0.0176452,1
DEMO-05-001,RCP 4.5,2060,0.2125,0.02014309,1
DEMO-05-001,RCP 4.5,2070,0.300781,0.02356757,1
DEMO-05-001,RCP 4.5,2080,0.403125,0.02825139,1
DEMO-05-001,RCP 4.5,2090,0.519531,0.03467965,1
DEMO-05-001,RCP 4.5,2100,0.65,0.04355949,1
DEMO-05-001,RCP 8.5,2020,0.0,0.01377663,1
DEMO-05-001,RCP 8.5,2030,0.0375,0.01473439,1
DEMO-05-001,RCP 8.5,2040,0.1,0.01647837,1
DEMO-05-001,RCP 8.5,2050,0.1875,0.01926523,1
DEMO-05-001,RCP 8.5,2060,0.3,0.0235349,1
DEMO-05-001,RCP 8.5,2070,0.4375,0.03001875,1
DEMO-05-001,RCP 8.5,2080,0.6,0.03992533,1
DEMO-05-001,RCP 8.5,2090,0.7875,0.05524797,1
DEMO-05-001,RCP 8.5,2100,1.0,0.07923934,1
DEMO-05-002,RCP 2.6,2020,0.0,0.00457011,1
DEMO-05-002,RCP 2.6,2030,0.028906,0.00481554,1
DEMO-05-002,RCP 2.6,2040,0.065625,0.0051463,1
DEMO-05-002,RCP 2.6,2050,0.110156,0.00557788,1
DEMO-05-002,RCP 2.6,2060,0.1625,0.0061314,1
DEMO-05-002,RCP 2.6,2070,0.222656,0.00683523,1
DEMO-05-002,RCP 2.6,2080,0.290625,0.00772739,1
DEMO-05-002,RCP 2.6,2090,0.366406,0.00885882,1
DEMO-05-002,RCP 2.6,2100,0.45,0.010298,1
DEMO-05-002,RCP 4.5,2020,0.0,0.00457011,1
DEMO-05-002,RCP 4.5,2030,0.032031,0.00484285,1
DEMO-05-002,RCP 4.5,2040,0.078125,0.00526398,1
DEMO-05-002,RCP 4.5,2050,0.138281,0.00586882,1
DEMO-05-002,RCP 4.5,2060,0.2125,0.00671101,1
DEMO-05-002,RCP 4.5,2070,0.300781,0.00787027,1
DEMO-05-002,RCP 4.5,2080,0.403125,0.00946465,1
DEMO-05-002,RCP 4.5,2090,0.519531,0.01166955,1
DEMO-05-002,RCP 4.5,2100,0.65,0.01474759,1
DEMO-05-002,RCP 8.5,2020,0.0,0.00457011,1
DEMO-05-002,RCP 8.5,2030,0.0375,0.004891,1
DEMO-05-002,RCP 8.5,2040,0.1,0.00547639,1
DEMO-05-002,RCP 8.5,2050,0.1875,0.0064147,1
DEMO-05-002,RCP 8.5,2060,0.3,0.00785919,1
DEMO-05-002,RCP 8.5,2070,0.4375,0.01006892,1
DEMO-05-002,RCP 8.5,2080,0.6,0.01348331,1
DEMO-05-002,RCP 8.5,2090,0.7875,0.01885729,1
DEMO-05-002,RCP 8.5,2100,1.0,0.02750614,1
DEMO-05-003,RCP 2.6,2020,0.0,0.00560664,1
DEMO-05-003,RCP 2.6,2030,0.028906,0.0059074,1
DEMO-05-003,RCP 2.6,2040,0.065625,0.00631267,1
DEMO-05-003,RCP 2.6,2050,0.110156,0.0068414,1
DEMO-05-003,RCP 2.6,2060,0.1625,0.00751935,1
DEMO-05-003,RCP 2.6,2070,0.222656,0.00838116,1
DEMO-05-003,RCP 2.6,2080,0.290625,0.00947318,1
DEMO-05-003,RCP 2.6,2090,0.366406,0.01085743,1
DEMO-05-003,RCP 2.6,2100,0.45,0.01261716,1
DEMO-05-003,RCP 4.5,2020,0.0,0.00560664,1
DEMO-05-003,RCP 4.5,2030,0.032031,0.00594086,1
DEMO-05-003,RCP 4.5,2040,0.078125,0.00645685,1
DEMO-05-003,RCP 4.5,2050,0.138281,0.00719776,1
DEMO-05-003,RCP 4.5,2060,0.2125,0.00822908,1
DEMO-05-003,RCP 4.5,2070,0.300781,0.00964803,1
DEMO-05-003,RCP 4.5,2080,0.403125,0.01159834,1
DEMO-05-003,RCP 4.5,2090,0.519531,0.01429314,1
DEMO-05-003,RCP 4.5,2100,0.65,0.01805055,1
DEMO-05-003,RCP 8.5,2020,0.0,0.00560664,1
DEMO-05-003,RCP 8.5,2030,0.0375,0.00599987,1
DEMO-05-003,RCP 8.5,2040,0.1,0.00671707,1
DEMO-05-003,RCP 8.5,2050,0.1875,0.00786628,1
DEMO-05-003,RCP 8.5,2060,0.3,0.00963447,1
DEMO-05-003,RCP 8.5,2070,0.4375,0.01233714,1
DEMO-05-003,RCP 8.5,2080,0.6,0.01650786,1
DEMO-05-003,RCP 8.5,2090,0.7875,0.02305915,1
DEMO-05-003,RCP 8.5,2100,1.0,0.03356922,1
DEMO-05-004,RCP 2.6,2020,0.0,0.03896097,1
DEMO-05-004,RCP 2.6,2030,0.028906,0.04097725,1
DEMO-05-004,RCP 2.6,2040,0.065625,0.04368275,1
DEMO-05-004,RCP 2.6,2050,0.110156,0.04719284,1
DEMO-05-004,RCP 2.6,2060,0.1625,0.05166144,1
DEMO-05-004,RCP 2.6,2070,0.222656,0.05729041,1
DEMO-05-004,RCP 2.6,2080,0.290625,0.06434152,1
DEMO-05-004,RCP 2.6,2090,0.366406,0.07315124,1
DEMO-05-004,RCP 2.6,2100,0.45,0.08414838,1
DEMO-05-004,RCP 4.5,2020,0.0,0.03896097,1
DEMO-05-004,RCP 4.5,2030,0.032031,0.04120112,1
DEMO-05-004,RCP 4.5,2040,0.078125,0.04464208,1
DEMO-05-004,RCP 4.5,2050,0.138281,0.0495462,1
DEMO-05-004,RCP 4.5,2060,0.2125,0.05630122,1
DEMO-05-004,RCP 4.5,2070,0.300781,0.06546218,1
DEMO-05-004,RCP 4.5,2080,0.403125,0.07780866,1
DEMO-05-004,RCP 4.5,2090,0.519531,0.09441747,1
DEMO-05-004,RCP 4.5,2100,0.65,0.11674351,1
DEMO-05-004,RCP 8.5,2020,0.0,0.03896097,1
DEMO-05-004,RCP 8.5,2030,0.0375,0.04159571,1
DEMO-05-004,RCP 8.5,2040,0.1,0.04636941,1
DEMO-05-004,RCP 8.5,2050,0.1875,0.0539343,1
DEMO-05-004,RCP 8.5,2060,0.3,0.06537533,1
DEMO-05-004,RCP 8.5,2070,0.4375,0.08241332,1
DEMO-05-004,RCP 8.5,2080,0.6,0.1076911,1
DEMO-05-004,RCP 8.5,2090,0.7875,0.14509069,1
DEMO-05-004,RCP 8.5,2100,1.0,0.19984351,1
DEMO-05-005,RCP 2.6,2020,0.0,0.29582211,1
DEMO-05-005,RCP 2.6,2030,0.028906,0.30688648,1
DEMO-05-005,RCP 2.6,2040,0.065625,0.32126716,1
DEMO-05-005,RCP 2.6,2050,0.110156,0.33917146,1
DEMO-05-005,RCP 2.6,2060,0.1625,0.36081739,1
DEMO-05-005,RCP 2.6,2070,0.222656,0.38640639,1
DEMO-05-005,RCP 2.6,2080,0.290625,0.41608554,1
DEMO-05-005,RCP 2.6,2090,0.366406,0.44989881,1
DEMO-05-005,RCP 2.6,2100,0.45,0.48772974,1
DEMO-05-005,RCP 4.5,2020,0.0,0.29582211,1
DEMO-05-005,RCP 4.5,2030,0.032031,0.30809636,1
DEMO-05-005,RCP 4.5,2040,0.078125,0.32624294,1
DEMO-05-005,RCP 4.5,2050,0.138281,0.35072537,1
DEMO-05-005,RCP 4.5,2060,0.2125,0.38203748,1
DEMO-05-005,RCP 4.5,2070,0.300781,0.42057882,1
DEMO-05-005,RCP 4.5,2080,0.403125,0.46647085,1
DEMO-05-005,RCP 4.5,2090,0.519531,0.51932276,1
DEMO-05-005,RCP 4.5,2100,0.65,0.57799437,1
DEMO-05-005,RCP 8.5,2020,0.0,0.29582211,1
DEMO-05-005,RCP 8.5,2030,0.0375,0.31022002,1
DEMO-05-005,RCP 8.5,2040,0.1,0.33504499,1
DEMO-05-005,RCP 8.5,2050,0.1875,0.37136541,1
DEMO-05-005,RCP 8.5,2060,0.3,0.42023271,1
DEMO-05-005,RCP 8.5,2070,0.4375,0.48205317,1
DEMO-05-005,RCP 8.5,2080,0.6,0.55567723,1
DEMO-05-005,RCP 8.5,2090,0.7875,0.63750362,1
DEMO-05-005,RCP 8.5,2100,1.0,0.72129797,1
DEMO-05-006,RCP 2.6,2020,0.0,0.02526545,1
DEMO-05-006,RCP 2.6,2030,0.028906,0.02659258,1
DEMO-05-006,RCP 2.6,2040,0.065625,0.02837644,1
DEMO-05-006,RCP 2.6,2050,0.110156,0.03069608,1
DEMO-05-006,RCP 2.6,2060,0.1625,0.03365782,1
DEMO-05-006,RCP 2.6,2070,0.222656,0.0374025,1
DEMO-05-006,RCP 2.6,2080,0.290625,0.04211522,1
DEMO-05-006,RCP 2.6,2090,0.366406,0.04803794,1
DEMO-05-006,RCP 2.6,2100,0.45,0.0554857,1
DEMO-05-006,RCP 4.5,2020,0.0,0.02526545,1
DEMO-05-006,RCP 4.5,2030,0.032031,0.02674005,1
DEMO-05-006,RCP 4.5,2040,0.078125,0.02900982,1
DEMO-05-006,RCP 4.5,2050,0.138281,0.03225465,1
DEMO-05-006,RCP 4.5,2060,0.2125,0.03674331,1
DEMO-05-006,RCP 4.5,2070,0.300781,0.0428665,1
DEMO-05-006,RCP 4.5,2080,0.403125,0.05118474,1
DEMO-05-006,RCP 4.5,2090,0.519531,0.06249562,1
DEMO-05-006,RCP 4.5,2100,0.65,0.07792289,1
DEMO-05-006,RCP 8.5,2020,0.0,0.02526545,1
DEMO-05-006,RCP 8.5,2030,0.0375,0.02700005,1
DEMO-05-006,RCP 8.5,2040,0.1,0.03015139,1
DEMO-05-006,RCP 8.5,2050,0.1875,0.03516797,1
DEMO-05-006,RCP 8.5,2060,0.3,0.04280826,1
DEMO-05-006,RCP 8.5,2070,0.4375,0.0543066,1
DEMO-05-006,RCP 8.5,2080,0.6,0.07163653,1
DEMO-05-006,RCP 8.5,2090,0.7875,0.0978885,1
DEMO-05-006,RCP 8.5,2100,1.0,0.13769767,1
DEMO-05-007,RCP 2.6,2020,0.0,0.00163786,1
DEMO-05-007,RCP 2.6,2030,0.028906,0.00172609,1
DEMO-05-007,RCP 2.6,2040,0.065625,0.00184504,1
DEMO-05-007,RCP 2.6,2050,0.110156,0.00200033,1
DEMO-05-007,RCP 2.6,2060,0.1625,0.00219961,1
DEMO-05-007,RCP 2.6,2070,0.222656,0.00245322,1
DEMO-05-007,RCP 2.6,2080,0.290625,0.00277502,1
DEMO-05-007,RCP 2.6,2090,0.366406,0.00318366,1
DEMO-05-007,RCP 2.6,2100,0.45,0.00370432,1
DEMO-05-007,RCP 4.5,2020,0.0,0.00163786,1
DEMO-05-007,RCP 4.5,2030,0.032031,0.00173591,1
DEMO-05-007,RCP 4.5,2040,0.078125,0.00188737,1
DEMO-05-007,RCP 4.5,2050,0.138281,0.00210505,1
DEMO-05-007,RCP 4.5,2060,0.2125,0.00240844,1
DEMO-05-007,RCP 4.5,2070,0.300781,0.00282659,1
DEMO-05-007,RCP 4.5,2080,0.403125,0.00340272,1
DEMO-05-007,RCP 4.5,2090,0.519531,0.00420141,1
DEMO-05-007,RCP 4.5,2100,0.65,0.0053202,1
DEMO-05-007,RCP 8.5,2020,0.0,0.00163786,1
DEMO-05-007,RCP 8.5,2030,0.0375,0.00175322,1
DEMO-05-007,RCP 8.5,2040,0.1,0.0019638,1
DEMO-05-007,RCP 8.5,2050,0.1875,0.00230167,1
DEMO-05-007,RCP 8.5,2060,0.3,0.00282259,1
DEMO-05-007,RCP 8.5,2070,0.4375,0.00362138,1
DEMO-05-007,RCP 8.5,2080,0.6,0.00486013,1
DEMO-05-007,RCP 8.5,2090,0.7875,0.00682097,1
DEMO-05-007,RCP 8.5,2100,1.0,0.01000569,1
DEMO-05-008,RCP 2.6,2020,0.0,0.00348303,1
DEMO-05-008,RCP 2.6,2030,0.028906,0.00367029,1
DEMO-05-008,RCP 2.6,2040,0.065625,0.0039227,1
DEMO-05-008,RCP 2.6,2050,0.110156,0.00425211,1
DEMO-05-008,RCP 2.6,2060,0.1625,0.00467468,1
DEMO-05-008,RCP 2.6,2070,0.222656,0.00521217,1
DEMO-05-008,RCP 2.6,2080,0.290625,0.00589373,1
DEMO-05-008,RCP 2.6,2090,0.366406,0.00675852,1
DEMO-05-008,RCP 2.6,2100,0.45,0.00785919,1
DEMO-05-008,RCP 4.5,2020,0.0,0.00348303,1
DEMO-05-008,RCP 4.5,2030,0.032031,0.00369113,1
DEMO-05-008,RCP 4.5,2040,0.078125,0.00401251,1
DEMO-05-008,RCP 4.5,2050,0.138281,0.0044742,1
DEMO-05-008,RCP 4.5,2060,0.2125,0.00511729,1
DEMO-05-008,RCP 4.5,2070,0.300781,0.00600292,1
DEMO-05-008,RCP 4.5,2080,0.403125,0.00722176,1
DEMO-05-008,RCP 4.5,2090,0.519531,0.00890885,1
DEMO-05-008,RCP 4.5,2100,0.65,0.01126701,1
DEMO-05-008,RCP 8.5,2020,0.0,0.00348303,1
DEMO-05-008,RCP 8.5,2030,0.0375,0.00372788,1
DEMO-05-008,RCP 8.5,2040,0.1,0.00417463,1
DEMO-05-008,RCP 8.5,2050,0.1875,0.004891,1
DEMO-05-008,RCP 8.5,2060,0.3,0.00599445,1
DEMO-05-008,RCP 8.5,2070,0.4375,0.00768394,1
DEMO-05-008,RCP 8.5,2080,0.6,0.010298,1
DEMO-05-008,RCP 8.5,2090,0.7875,0.01442098,1
DEMO-05-008,RCP 8.5,2100,1.0,0.02107883,1
DEMO-05-009,RCP 2.6,2020,0.0,0.19723971,1
DEMO-05-009,RCP 2.6,2030,0.028906,0.20569394,1
DEMO-05-009,RCP 2.6,2040,0.065625,0.21681607,1
DEMO-05-009,RCP 2.6,2050,0.110156,0.2308794,1
DEMO-05-009,RCP 2.6,2060,0.1625,0.24821001,1
DEMO-05-009,RCP 2.6,2070,0.222656,0.26917608,1
DEMO-05-009,RCP 2.6,2080,0.290625,0.29416778,1
DEMO-05-009,RCP 2.6,2090,0.366406,0.3235635,1
DEMO-05-009,RCP 2.6,2100,0.45,0.35767847,1
DEMO-05-009,RCP 4.5,2020,0.0,0.19723971,1
DEMO-05-009,RCP 4.5,2030,0.032031,0.20662381,1
DEMO-05-009,RCP 4.5,2040,0.078125,0.22070015,1
DEMO-05-009,RCP 4.5,2050,0.138281,0.24008457,1
DEMO-05-009,RCP 4.5,2060,0.2125,0.26555898,1
DEMO-05-009,RCP 4.5,2070,0.300781,0.29801643,1
DEMO-05-009,RCP 4.5,2080,0.403125,0.33834419,1
DEMO-05-009,RCP 4.5,2090,0.519531,0.38721499,1
DEMO-05-009,RCP 4.5,2100,0.65,0.44477172,1
DEMO-05-009,RCP 8.5,2020,0.0,0.19723971,1
DEMO-05-009,RCP 8.5,2030,0.0375,0.20825855,1
DEMO-05-009,RCP 8.5,2040,0.1,0.22761664,1
DEMO-05-009,RCP 8.5,2050,0.1875,0.25678861,1
DEMO-05-009,RCP 8.5,2060,0.3,0.29771936,1
DEMO-05-009,RCP 8.5,2070,0.4375,0.35247406,1
DEMO-05-009,RCP 8.5,2080,0.6,0.42244918,1
DEMO-05-009,RCP 8.5,2090,0.7875,0.50704499,1
DEMO-05-009,RCP 8.5,2100,1.0,0.60217729,1
DEMO-05-010,RCP 2.6,2020,0.0,0.00886831,1
DEMO-05-010,RCP 2.6,2030,0.028906,0.00934239,1
DEMO-05-010,RCP 2.6,2040,0.065625,0.00998095,1
DEMO-05-010,RCP 2.6,2050,0.110156,0.01081359,1
DEMO-05-010,RCP 2.6,2060,0.1625,0.01188045,1
DEMO-05-010,RCP 2.6,2070,0.222656,0.01323543,1
DEMO-05-010,RCP 2.6,2080,0.290625,0.01495039,1
DEMO-05-010,RCP 2.6,2090,0.366406,0.01712116,1
DEMO-05-010,RCP 2.6,2100,0.45,0.01987569,1
DEMO-05-010,RCP 4.5,2020,0.0,0.00886831,1
DEMO-05-010,RCP 4.5,2030,0.032031,0.00939512,1
DEMO-05-010,RCP 4.5,2040,0.078125,0.01020805,1
DEMO-05-010,RCP 4.5,2050,0.138281,0.01137448,1
DEMO-05-010,RCP 4.5,2060,0.2125,0.01299642,1
DEMO-05-010,RCP 4.5,2070,0.300781,0.01522479,1
DEMO-05-010,RCP 4.5,2080,0.403125,0.01828161,1
DEMO-05-010,RCP 4.5,2090,0.519531,0.02249388,1
DEMO-05-010,RCP 4.5,2100,0.65,0.02834513,1
DEMO-05-010,RCP 8.5,2020,0.0,0.00886831,1
DEMO-05-010,RCP 8.5,2030,0.0375,0.00948812,1
DEMO-05-010,RCP 8.5,2040,0.1,0.01061784,1
DEMO-05-010,RCP 8.5,2050,0.1875,0.01242607,1
DEMO-05-010,RCP 8.5,2060,0.3,0.0152035,1
DEMO-05-010,RCP 8.5,2070,0.4375,0.01943775,1
DEMO-05-010,RCP 8.5,2080,0.6,0.02594587,1
DEMO-05-010,RCP 8.5,2090,0.7875,0.03610519,1
DEMO-05-010,RCP 8.5,2100,1.0,0.05224352,1
DEMO-05-011,RCP 2.6,2020,0.0,0.00549623,1
DEMO-05-011,RCP 2.6,2030,0.028906,0.0057911,1
DEMO-05-011,RCP 2.6,2040,0.065625,0.00618845,1
DEMO-05-011,RCP 2.6,2050,0.110156,0.00670684,1
DEMO-05-011,RCP 2.6,2060,0.1625,0.00737156,1
DEMO-05-011,RCP 2.6,2070,0.222656,0.00821657,1
DEMO-05-011,RCP 2.6,2080,0.290625,0.00928734,1
DEMO-05-011,RCP 2.6,2090,0.366406,0.01064473,1
DEMO-05-011,RCP 2.6,2100,0.45,0.01237041,1
DEMO-05-011,RCP 4.5,2020,0.0,0.00549623,1
DEMO-05-011,RCP 4.5,2030,0.032031,0.00582391,1
DEMO-05-011,RCP 4.5,2040,0.078125,0.0063298,1
DEMO-05-011,RCP 4.5,2050,0.138281,0.00705624,1
DEMO-05-011,RCP 4.5,2060,0.2125,0.00806745,1
DEMO-05-011,RCP 4.5,2070,0.300781,0.00945879,1
DEMO-05-011,RCP 4.5,2080,0.403125,0.01137129,1
DEMO-05-011,RCP 4.5,2090,0.519531,0.01401408,1
DEMO-05-011,RCP 4.5,2100,0.65,0.01769945,1
DEMO-05-011,RCP 8.5,2020,0.0,0.00549623,1
DEMO-05-011,RCP 8.5,2030,0.0375,0.00588176,1
DEMO-05-011,RCP 8.5,2040,0.1,0.00658494,1
DEMO-05-011,RCP 8.5,2050,0.1875,0.00771172,1
DEMO-05-011,RCP 8.5,2060,0.3,0.00944549,1
DEMO-05-011,RCP 8.5,2070,0.4375,0.0120958,1
DEMO-05-011,RCP 8.5,2080,0.6,0.01618628,1
DEMO-05-011,RCP 8.5,2090,0.7875,0.02261287,1
DEMO-05-011,RCP 8.5,2100,1.0,0.03292639,1
DEMO-05-012,RCP 2.6,2020,0.0,0.15685486,1
DEMO-05-012,RCP 2.6,2030,0.028906,0.16393157,1
DEMO-05-012,RCP 2.6,2040,0.065625,0.17328821,1
DEMO-05-012,RCP 2.6,2050,0.110156,0.18519582,1
DEMO-05-012,RCP 2.6,2060,0.1625,0.19998892,1
DEMO-05-012,RCP 2.6,2070,0.222656,0.21806326,1
DEMO-05-012,RCP 2.6,2080,0.290625,0.23986695,1
DEMO-05-012,RCP 2.6,2090,0.366406,0.26588047,1
DEMO-05-012,RCP 2.6,2100,0.45,0.29658017,1
DEMO-05-012,RCP 4.5,2020,0.0,0.15685486,1
DEMO-05-012,RCP 4.5,2030,0.032031,0.1647118,1
DEMO-05-012,RCP 4.5,2040,0.078125,0.17656832,1
DEMO-05-012,RCP 4.5,2050,0.138281,0.19303672,1
DEMO-05-012,RCP 4.5,2060,0.2125,0.214931,1
DEMO-05-012,RCP 4.5,2070,0.300781,0.24325001,1
DEMO-05-012,RCP 4.5,2080,0.403125,0.27911341,1
DEMO-05-012,RCP 4.5,2090,0.519531,0.32361325,1
DEMO-05-012,RCP 4.5,2100,0.65,0.37754067,1
DEMO-05-012,RCP 8.5,2020,0.0,0.15685486,1
DEMO-05-012,RCP 8.5,2030,0.0375,0.16608436,1
DEMO-05-012,RCP 8.5,2040,0.1,0.18242552,1
DEMO-05-012,RCP 8.5,2050,0.1875,0.2073606,1
DEMO-05-012,RCP 8.5,2060,0.3,0.24298863,1
DEMO-05-012,RCP 8.5,2070,0.4375,0.29186081,1
DEMO-05-012,RCP 8.5,2080,0.6,0.35642629,1
DEMO-05-012,RCP 8.5,2090,0.7875,0.4378235,1
DEMO-05-012,RCP 8.5,2100,1.0,0.53403818,1
DEMO-05-013,RCP 2.6,2020,0.0,0.44881628,1
DEMO-05-013,RCP 2.6,2030,0.028906,0.46184986,1
DEMO-05-013,RCP 2.6,2040,0.065625,0.47847921,1
DEMO-05-013,RCP 2.6,2050,0.110156,0.49870739,1
DEMO-05-013,RCP 2.6,2060,0.1625,0.52248482,1
DEMO-05-013,RCP 2.6,2070,0.222656,0.54967929,1
DEMO-05-013,RCP 2.6,2080,0.290625,0.58004413,1
DEMO-05-013,RCP 2.6,2090,0.366406,0.61318939,1
DEMO-05-013,RCP 2.6,2100,0.45,0.64856268,1
DEMO-05-013,RCP 4.5,2020,0.0,0.44881628,1
DEMO-05-013,RCP 4.5,2030,0.032031,0.46326235,1
DEMO-05-013,RCP 4.5,2040,0.078125,0.48415304,1
DEMO-05-013,RCP 4.5,2050,0.138281,0.51148945,1
DEMO-05-013,RCP 4.5,2060,0.2125,0.54510432,1
DEMO-05-013,RCP 4.5,2070,0.300781,0.58453553,1
DEMO-05-013,RCP 4.5,2080,0.403125,0.62889984,1
DEMO-05-013,RCP 4.5,2090,0.519531,0.67680946,1
DEMO-05-013,RCP 4.5,2100,0.65,0.72638609,1
DEMO-05-013,RCP 8.5,2020,0.0,0.44881628,1
DEMO-05-013,RCP 8.5,2030,0.0375,0.46573561,1
DEMO-05-013,RCP 8.5,2040,0.1,0.49409118,1
DEMO-05-013,RCP 8.5,2050,0.1875,0.53381195,1
DEMO-05-013,RCP 8.5,2060,0.3,0.58419052,1
DEMO-05-013,RCP 8.5,2070,0.4375,0.64336515,1
DEMO-05-013,RCP 8.5,2080,0.6,0.70795126,1
DEMO-05-013,RCP 8.5,2090,0.7875,0.77318149,1
DEMO-05-013,RCP 8.5,2100,1.0,0.83378969,1
DEMO-05-014,RCP 2.6,2020,0.0,0.02442851,1
DEMO-05-014,RCP 2.6,2030,0.028906,0.02571283,1
DEMO-05-014,RCP 2.6,2040,0.065625,0.02743934,1
DEMO-05-014,RCP 2.6,2050,0.110156,0.02968472,1
DEMO-05-014,RCP 2.6,2060,0.1625,0.03255215,1
DEMO-05-014,RCP 2.6,2070,0.222656,0.03617843,1
DEMO-05-014,RCP 2.6,2080,0.290625,0.04074344,1
DEMO-05-014,RCP 2.6,2090,0.366406,0.0464826,1
DEMO-05-014,RCP 2.6,2100,0.45,0.05370283,1
DEMO-05-014,RCP 4.5,2020,0.0,0.02442851,1
DEMO-05-014,RCP 4.5,2030,0.032031,0.02585556,1
DEMO-05-014,RCP 4.5,2040,0.078125,0.02805241,1
DEMO-05-014,RCP 4.5,2050,0.138281,0.03119359,1
DEMO-05-014,RCP 4.5,2060,0.2125,0.03554002,1
DEMO-05-014,RCP 4.5,2070,0.300781,0.04147131,1
DEMO-05-014,RCP 4.5,2080,0.403125,0.04953282,1
DEMO-05-014,RCP 4.5,2090,0.519531,0.06050193,1
DEMO-05-014,RCP 4.5,2100,0.65,0.07547668,1
DEMO-05-014,RCP 8.5,2020,0.0,0.02442851,1
DEMO-05-014,RCP 8.5,2030,0.0375,0.02610718,1
DEMO-05-014,RCP 8.5,2040,0.1,0.02915743,1
DEMO-05-014,RCP 8.5,2050,0.1875,0.03401444,1
DEMO-05-014,RCP 8.5,2060,0.3,0.04141488,1
DEMO-05-014,RCP 8.5,2070,0.4375,0.0525595,1
DEMO-05-014,RCP 8.5,2080,0.6,0.06937282,1
DEMO-05-014,RCP 8.5,2090,0.7875,0.09488,1
DEMO-05-014,RCP 8.5,2100,1.0,0.13364695,1
DEMO-05-015,RCP 2.6,2020,0.0,0.14954402,1
DEMO-05-015,RCP 2.6,2030,0.028906,0.15635206,1
DEMO-05-015,RCP 2.6,2040,0.065625,0.16536165,1
DEMO-05-015,RCP 2.6,2050,0.110156,0.17684109,1
DEMO-05-015,RCP 2.6,2060,0.1625,0.19112337,1
DEMO-05-015,RCP 2.6,2070,0.222656,0.2086054,1
DEMO-05-015,RCP 2.6,2080,0.290625,0.22974127,1
DEMO-05-015,RCP 2.6,2090,0.366406,0.25502508,1
DEMO-05-015,RCP 2.6,2100,0.45,0.28495789,1
DEMO-05-015,RCP 4.5,2020,0.0,0.14954402,1
DEMO-05-015,RCP 4.5,2030,0.032031,0.15710299,1
DEMO-05-015,RCP 4.5,2040,0.078125,0.1685223,1
DEMO-05-015,RCP 4.5,2050,0.138281,0.18440833,1
DEMO-05-015,RCP 4.5,2060,0.2125,0.20557328,1
DEMO-05-015,RCP 4.5,2070,0.300781,0.23302529,1
DEMO-05-015,RCP 4.5,2080,0.403125,0.26791492,1
DEMO-05-015,RCP 4.5,2090,0.519531,0.31140059,1
DEMO-05-015,RCP 4.5,2100,0.65,0.36438926,1
DEMO-05-015,RCP 8.5,2020,0.0,0.14954402,1
DEMO-05-015,RCP 8.5,2030,0.0375,0.15842418,1
DEMO-05-015,RCP 8.5,2040,0.1,0.17416906,1
DEMO-05-015,RCP 8.5,2050,0.1875,0.19824925,1
DEMO-05-015,RCP 8.5,2060,0.3,0.23277152,1
DEMO-05-015,RCP 8.5,2070,0.4375,0.28034978,1
DEMO-05-015,RCP 8.5,2080,0.6,0.34360438,1
DEMO-05-015,RCP 8.5,2090,0.7875,0.42400258,1
DEMO-05-015,RCP 8.5,2100,1.0,0.51998934,1
DEMO-05-016,RCP 2.6,2020,0.0,0.0030459,1
DEMO-05-016,RCP 2.6,2030,0.028906,0.00320973,1
DEMO-05-016,RCP 2.6,2040,0.065625,0.00343058,1
DEMO-05-016,RCP 2.6,2050,0.110156,0.00371881,1
DEMO-05-016,RCP 2.6,2060,0.1625,0.0040886,1
DEMO-05-016,RCP 2.6,2070,0.222656,0.00455901,1
DEMO-05-016,RCP 2.6,2080,0.290625,0.00515561,1
DEMO-05-016,RCP 2.6,2090,0.366406,0.00591274,1
DEMO-05-016,RCP 2.6,2100,0.45,0.00687662,1
DEMO-05-016,RCP 4.5,2020,0.0,0.0030459,1
DEMO-05-016,RCP 4.5,2030,0.032031,0.00322796,1
DEMO-05-016,RCP 4.5,2040,0.078125,0.00350916,1
DEMO-05-016,RCP 4.5,2050,0.138281,0.00391316,1
DEMO-05-016,RCP 4.5,2060,0.2125,0.00447597,1
DEMO-05-016,RCP 4.5,2070,0.300781,0.0052512,1
DEMO-05-016,RCP 4.5,2080,0.403125,0.00631838,1
DEMO-05-016,RCP 4.5,2090,0.519531,0.00779609,1
DEMO-05-016,RCP 4.5,2100,0.65,0.00986263,1
DEMO-05-016,RCP 8.5,2020,0.0,0.0030459,1
DEMO-05-016,RCP 8.5,2030,0.0375,0.00326012,1
DEMO-05-016,RCP 8.5,2040,0.1,0.00365102,1
DEMO-05-016,RCP 8.5,2050,0.1875,0.00427793,1
DEMO-05-016,RCP 8.5,2060,0.3,0.00524378,1
DEMO-05-016,RCP 8.5,2070,0.4375,0.00672314,1
DEMO-05-016,RCP 8.5,2080,0.6,0.0090133,1
DEMO-05-016,RCP 8.5,2090,0.7875,0.01262849,1
DEMO-05-016,RCP 8.5,2100,1.0,0.01847431,1
DEMO-05-017,RCP 2.6,2020,0.0,0.02207669,1
DEMO-05-017,RCP 2.6,2030,0.028906,0.02324031,1
DEMO-05-017,RCP 2.6,2040,0.065625,0.02480503,1
DEMO-05-017,RCP 2.6,2050,0.110156,0.02684079,1
DEMO-05-017,RCP 2.6,2060,0.1625,0.02944184,1
DEMO-05-017,RCP 2.6,2070,0.222656,0.03273336,1
DEMO-05-017,RCP 2.6,2080,0.290625,0.03688031,1
DEMO-05-017,RCP 2.6,2090,0.366406,0.04209918,1
DEMO-05-017,RCP 2.6,2100,0.45,0.04867328,1
DEMO-05-017,RCP 4.5,2020,0.0,0.02207669,1
DEMO-05-017,RCP 4.5,2030,0.032031,0.02336964,1
DEMO-05-017,RCP 4.5,2040,0.078125,0.02536078,1
DEMO-05-017,RCP 4.5,2050,0.138281,0.0282093,1
DEMO-05-017,RCP 4.5,2060,0.2125,0.03215371,1
DEMO-05-017,RCP 4.5,2070,0.300781,0.03754186,1
DEMO-05-017,RCP 4.5,2080,0.403125,0.04487529,1
DEMO-05-017,RCP 4.5,2090,0.519531,0.05487254,1
DEMO-05-017,RCP 4.5,2100,0.65,0.06855563,1
DEMO-05-017,RCP 8.5,2020,0.0,0.02207669,1
DEMO-05-017,RCP 8.5,2030,0.0375,0.02359766,1
DEMO-05-017,RCP 8.5,2040,0.1,0.02636264,1
DEMO-05-017,RCP 8.5,2050,0.1875,0.03076886,1
DEMO-05-017,RCP 8.5,2060,0.3,0.03749057,1
DEMO-05-017,RCP 8.5,2070,0.4375,0.04763164,1
DEMO-05-017,RCP 8.5,2080,0.6,0.06297336,1
DEMO-05-017,RCP 8.5,2090,0.7875,0.08634589,1
DEMO-05-017,RCP 8.5,2100,1.0,0.12209625,1
DEMO-05-018,RCP 2.6,2020,0.0,0.18269686,1
DEMO-05-018,RCP 2.6,2030,0.028906,0.1906758,1
DEMO-05-018,RCP 2.6,2040,0.065625,0.20119157,1
DEMO-05-018,RCP 2.6,2050,0.110156,0.21451904,1
DEMO-05-018,RCP 2.6,2060,0.1625,0.23099041,1
DEMO-05-018,RCP 2.6,2070,0.222656,0.25098755,1
DEMO-05-018,RCP 2.6,2080,0.290625,0.2749258,1
DEMO-05-018,RCP 2.6,2090,0.366406,0.30322475,1
DEMO-05-018,RCP 2.6,2100,0.45,0.3362613,1
DEMO-05-018,RCP 4.5,2020,0.0,0.18269686,1
DEMO-05-018,RCP 4.5,2030,0.032031,0.19155415,1
DEMO-05-018,RCP 4.5,2040,0.078125,0.20486896,1
DEMO-05-018,RCP 4.5,2050,0.138281,0.22326127,1
DEMO-05-018,RCP 4.5,2060,0.2125,0.24753208,1
DEMO-05-018,RCP 4.5,2070,0.300781,0.27862209,1
DEMO-05-018,RCP 4.5,2080,0.403125,0.31751245,1
DEMO-05-018,RCP 4.5,2090,0.519531,0.36503433,1
DEMO-05-018,RCP 4.5,2100,0.65,0.42156221,1
DEMO-05-018,RCP 8.5,2020,0.0,0.18269686,1
DEMO-05-018,RCP 8.5,2030,0.0375,0.19309868,1
DEMO-05-018,RCP 8.5,2040,0.1,0.21142393,1
DEMO-05-018,RCP 8.5,2050,0.1875,0.2391632,1
DEMO-05-018,RCP 8.5,2060,0.3,0.27833668,1
DEMO-05-018,RCP 8.5,2070,0.4375,0.33120783,1
DEMO-05-018,RCP 8.5,2080,0.6,0.39956625,1
DEMO-05-018,RCP 8.5,2090,0.7875,0.48341518,1
DEMO-05-018,RCP 8.5,2100,1.0,0.57932425,1
DEMO-05-019,RCP 2.6,2020,0.0,0.002029,1
DEMO-05-019,RCP 2.6,2030,0.028906,0.00213825,1
DEMO-05-019,RCP 2.6,2040,0.065625,0.00228554,1
DEMO-05-019,RCP 2.6,2050,0.110156,0.00247781,1
DEMO-05-019,RCP 2.6,2060,0.1625,0.00272454,1
DEMO-05-019,RCP 2.6,2070,0.222656,0.00303849,1
DEMO-05-019,RCP 2.6,2080,0.290625,0.0034368,1
DEMO-05-019,RCP 2.6,2090,0.366406,0.00394251,1
DEMO-05-019,RCP 2.6,2100,0.45,0.00458669,1
DEMO-05-019,RCP 4.5,2020,0.0,0.002029,1
DEMO-05-019,RCP 4.5,2030,0.032031,0.00215041,1
DEMO-05-019,RCP 4.5,2040,0.078125,0.00233796,1
DEMO-05-019,RCP 4.5,2050,0.138281,0.00260748,1
DEMO-05-019,RCP 4.5,2060,0.2125,0.00298306,1
DEMO-05-019,RCP 4.5,2070,0.300781,0.00350063,1
DEMO-05-019,RCP 4.5,2080,0.403125,0.00421355,1
DEMO-05-019,RCP 4.5,2090,0.519531,0.00520157,1
DEMO-05-019,RCP 4.5,2100,0.65,0.00658494,1
DEMO-05-019,RCP 8.5,2020,0.0,0.002029,1
DEMO-05-019,RCP 8.5,2030,0.0375,0.00217185,1
DEMO-05-019,RCP 8.5,2040,0.1,0.00243259,1
DEMO-05-019,RCP 8.5,2050,0.1875,0.00285088,1
DEMO-05-019,RCP 8.5,2060,0.3,0.00349567,1
DEMO-05-019,RCP 8.5,2070,0.4375,0.00448408,1
DEMO-05-019,RCP 8.5,2080,0.6,0.00601615,1
DEMO-05-019,RCP 8.5,2090,0.7875,0.00843944,1
DEMO-05-019,RCP 8.5,2100,1.0,0.01237041,1
DEMO-05-020,RCP 2.6,2020,0.0,0.03875725,1
DEMO-05-020,RCP 2.6,2030,0.028906,0.04076343,1
DEMO-05-020,RCP 2.6,2040,0.065625,0.04345546,1
DEMO-05-020,RCP 2.6,2050,0.110156,0.04694817,1
DEMO-05-020,RCP 2.6,2060,0.1625,0.05139486,1
DEMO-05-020,RCP 2.6,2070,0.222656,0.05699653,1
DEMO-05-020,RCP 2.6,2080,0.290625,0.06401392,1
DEMO-05-020,RCP 2.6,2090,0.366406,0.07278228,1
DEMO-05-020,RCP 2.6,2100,0.45,0.08372896,1
DEMO-05-020,RCP 4.5,2020,0.0,0.03875725,1
DEMO-05-020,RCP 4.5,2030,0.032031,0.04098618,1
DEMO-05-020,RCP 4.5,2040,0.078125,0.04441003,1
DEMO-05-020,RCP 4.5,2050,0.138281,0.04928996,1
DEMO-05-020,RCP 4.5,2060,0.2125,0.05601211,1
DEMO-05-020,RCP 4.5,2070,0.300781,0.06512928,1
DEMO-05-020,RCP 4.5,2080,0.403125,0.07741817,1
DEMO-05-020,RCP 4.5,2090,0.519531,0.09395212,1
DEMO-05-020,RCP 4.5,2100,0.65,0.11618224,1
DEMO-05-020,RCP 8.5,2020,0.0,0.03875725,1
DEMO-05-020,RCP 8.5,2030,0.0375,0.0413788,1
DEMO-05-020,RCP 8.5,2040,0.1,0.04612881,1
DEMO-05-020,RCP 8.5,2050,0.1875,0.05365665,1
DEMO-05-020,RCP 8.5,2060,0.3,0.06504284,1
DEMO-05-020,RCP 8.5,2070,0.4375,0.08200178,1
DEMO-05-020,RCP 8.5,2080,0.6,0.10716807,1
DEMO-05-020,RCP 8.5,2090,0.7875,0.14441542,1
DEMO-05-020,RCP 8.5,2100,1.0,0.19897272,1
DEMO-05-021,RCP 2.6,2020,0.0,0.03190007,1
DEMO-05-021,RCP 2.6,2030,0.028906,0.03356369,1
DEMO-05-021,RCP 2.6,2040,0.065625,0.03579799,1
DEMO-05-021,RCP 2.6,2050,0.110156,0.03870014,1
DEMO-05-021,RCP 2.6,2060,0.1625,0.04240037,1
DEMO-05-021,RCP 2.6,2070,0.222656,0.04707035,1
DEMO-05-021,RCP 2.6,2080,0.290625,0.05293424,1
DEMO-05-021,RCP 2.6,2090,0.366406,0.06028269,1
DEMO-05-021,RCP 2.6,2100,0.45,0.06949029,1
DEMO-05-021,RCP 4.5,2020,0.0,0.03190007,1
DEMO-05-021,RCP 4.5,2030,0.032031,0.03374849,1
DEMO-05-021,RCP 4.5,2040,0.078125,0.03659079,1
DEMO-05-021,RCP 4.5,2050,0.138281,0.04064806,1
DEMO-05-021,RCP 4.5,2060,0.2125,0.04624896,1
DEMO-05-021,RCP 4.5,2070,0.300781,0.05386765,1
DEMO-05-021,RCP 4.5,2080,0.403125,0.06417752,1
DEMO-05-021,RCP 4.5,2090,0.519531,0.07812317,1
DEMO-05-021,RCP 4.5,2100,0.65,0.09700898,1
DEMO-05-021,RCP 8.5,2020,0.0,0.03190007,1
DEMO-05-021,RCP 8.5,2030,0.0375,0.03407424,1
DEMO-05-021,RCP 8.5,2040,0.1,0.03801898,1
DEMO-05-021,RCP 8.5,2050,0.1875,0.04428481,1
DEMO-05-021,RCP 8.5,2060,0.3,0.05379531,1
DEMO-05-021,RCP 8.5,2070,0.4375,0.06803502,1
DEMO-05-021,RCP 8.5,2080,0.6,0.08933204,1
DEMO-05-021,RCP 8.5,2090,0.7875,0.12122196,1
DEMO-05-021,RCP 8.5,2100,1.0,0.16874534,1
DEMO-05-022,RCP 2.6,2020,0.0,0.00081846,1
DEMO-05-022,RCP 2.6,2030,0.028906,0.00086258,1
DEMO-05-022,RCP 2.6,2040,0.065625,0.00092208,1
DEMO-05-022,RCP 2.6,2050,0.110156,0.00099977,1
DEMO-05-022,RCP 2.6,2060,0.1625,0.00109948,1
DEMO-05-022,RCP 2.6,2070,0.222656,0.0012264,1
DEMO-05-022,RCP 2.6,2080,0.290625,0.0013875,1
DEMO-05-022,RCP 2.6,2090,0.366406,0.00159215,1
DEMO-05-022,RCP 2.6,2100,0.45,0.00185301,1
DEMO-05-022,RCP 4.5,2020,0.0,0.00081846,1
DEMO-05-022,RCP 4.5,2030,0.032031,0.00086749,1
DEMO-05-022,RCP 4.5,2040,0.078125,0.00094326,1
DEMO-05-022,RCP 4.5,2050,0.138281,0.00105217,1
DEMO-05-022,RCP 4.5,2060,0.2125,0.00120399,1
DEMO-05-022,RCP 4.5,2070,0.300781,0.00141332,1
DEMO-05-022,RCP 4.5,2080,0.403125,0.00170188,1
DEMO-05-022,RCP 4.5,2090,0.519531,0.00210219,1
DEMO-05-022,RCP 4.5,2100,0.65,0.00266348,1
DEMO-05-022,RCP 8.5,2020,0.0,0.00081846,1
DEMO-05-022,RCP 8.5,2030,0.0375,0.00087616,1
DEMO-05-022,RCP 8.5,2040,0.1,0.00098149,1
DEMO-05-022,RCP 8.5,2050,0.1875,0.00115055,1
DEMO-05-022,RCP 8.5,2060,0.3,0.00141132,1
DEMO-05-022,RCP 8.5,2070,0.4375,0.00181144,1
DEMO-05-022,RCP 8.5,2080,0.6,0.00243259,1
DEMO-05-022,RCP 8.5,2090,0.7875,0.00341739,1
DEMO-05-022,RCP 8.5,2100,1.0,0.00502101,1
DEMO-05-023,RCP 2.6,2020,0.0,0.03835287,1
DEMO-05-023,RCP 2.6,2030,0.028906,0.040339,1
DEMO-05-023,RCP 2.6,2040,0.065625,0.04300425,1
DEMO-05-023,RCP 2.6,2050,0.110156,0.04646246,1
DEMO-05-023,RCP 2.6,2060,0.1625,0.0508656,1
DEMO-05-023,RCP 2.6,2070,0.222656,0.05641302,1
DEMO-05-023,RCP 2.6,2080,0.290625,0.06336339,1
DEMO-05-023,RCP 2.6,2090,0.366406,0.0720495,1
DEMO-05-023,RCP 2.6,2100,0.45,0.08289583,1
DEMO-05-023,RCP 4.5,2020,0.0,0.03835287,1
DEMO-05-023,RCP 4.5,2030,0.032031,0.04055953,1
DEMO-05-023,RCP 4.5,2040,0.078125,0.04394936,1
DEMO-05-023,RCP 4.5,2050,0.138281,0.04878126,1
DEMO-05-023,RCP 4.5,2060,0.2125,0.05543808,1
DEMO-05-023,RCP 4.5,2070,0.300781,0.06446819,1
DEMO-05-023,RCP 4.5,2080,0.403125,0.07664258,1
DEMO-05-023,RCP 4.5,2090,0.519531,0.09302759,1
DEMO-05-023,RCP 4.5,2100,0.65,0.11506673,1
DEMO-05-023,RCP 8.5,2020,0.0,0.03835287,1
DEMO-05-023,RCP 8.5,2030,0.0375,0.04094823,1
DEMO-05-023,RCP 8.5,2040,0.1,0.04565117,1
DEMO-05-023,RCP 8.5,2050,0.1875,0.0531054,1
DEMO-05-023,RCP 8.5,2060,0.3,0.06438258,1
DEMO-05-023,RCP 8.5,2070,0.4375,0.0811843,1
DEMO-05-023,RCP 8.5,2080,0.6,0.10612872,1
DEMO-05-023,RCP 8.5,2090,0.7875,0.14307272,1
DEMO-05-023,RCP 8.5,2100,1.0,0.19723971,1
DEMO-05-024,RCP 2.6,2020,0.0,0.00354029,1
DEMO-05-024,RCP 2.6,2030,0.028906,0.00373062,1
DEMO-05-024,RCP 2.6,2040,0.065625,0.00398716,1
DEMO-05-024,RCP 2.6,2050,0.110156,0.00432196,1
DEMO-05-024,RCP 2.6,2060,0.1625,0.00475144,1
DEMO-05-024,RCP 2.6,2070,0.222656,0.0052977,1
DEMO-05-024,RCP 2.6,2080,0.290625,0.00599039,1
DEMO-05-024,RCP 2.6,2090,0.366406,0.00686925,1
DEMO-05-024,RCP 2.6,2100,0.45,0.00798781,1
DEMO-05-024,RCP 4.5,2020,0.0,0.00354029,1
DEMO-05-024,RCP 4.5,2030,0.032031,0.0037518,1
DEMO-05-024,RCP 4.5,2040,0.078125,0.00407844,1
DEMO-05-024,RCP 4.5,2050,0.138281,0.00454768,1
DEMO-05-024,RCP 4.5,2060,0.2125,0.00520128,1
DEMO-05-024,RCP 4.5,2070,0.300781,0.00610135,1
DEMO-05-024,RCP 4.5,2080,0.403125,0.00734003,1
DEMO-05-024,RCP 4.5,2090,0.519531,0.0090545,1
DEMO-05-024,RCP 4.5,2100,0.65,0.01145077,1
DEMO-05-024,RCP 8.5,2020,0.0,0.00354029,1
DEMO-05-024,RCP 8.5,2030,0.0375,0.00378915,1
DEMO-05-024,RCP 8.5,2040,0.1,0.00424321,1
DEMO-05-024,RCP 8.5,2050,0.1875,0.0049713,1
DEMO-05-024,RCP 8.5,2060,0.3,0.00609274,1
DEMO-05-024,RCP 8.5,2070,0.4375,0.00780972,1
DEMO-05-024,RCP 8.5,2080,0.6,0.01046612,1
DEMO-05-024,RCP 8.5,2090,0.7875,0.01465541,1
DEMO-05-024,RCP 8.5,2100,1.0,0.02141915,1
DEMO-06-001,RCP 2.6,2020,0.0,0.00200339,1
DEMO-06-001,RCP 2.6,2030,0.028906,0.00211127,1
DEMO-06-001,RCP 2.6,2040,0.065625,0.0022567,1
DEMO-06-001,RCP 2.6,2050,0.110156,0.00244655,1
DEMO-06-001,RCP 2.6,2060,0.1625,0.00269018,1
DEMO-06-001,RCP 2.6,2070,0.222656,0.00300018,1
DEMO-06-001,RCP 2.6,2080,0.290625,0.00339348,1
DEMO-06-001,RCP 2.6,2090,0.366406,0.00389284,1
DEMO-06-001,RCP 2.6,2100,0.45,0.00452894,1
DEMO-06-001,RCP 4.5,2020,0.0,0.00200339,1
DEMO-06-001,RCP 4.5,2030,0.032031,0.00212327,1
DEMO-06-001,RCP 4.5,2040,0.078125,0.00230846,1
DEMO-06-001,RCP 4.5,2050,0.138281,0.00257459,1
DEMO-06-001,RCP 4.5,2060,0.2125,0.00294545,1
DEMO-06-001,RCP 4.5,2070,0.300781,0.00345651,1
DEMO-06-001,RCP 4.5,2080,0.403125,0.00416048,1
DEMO-06-001,RCP 4.5,2090,0.519531,0.00513613,1
DEMO-06-001,RCP 4.5,2100,0.65,0.0065022,1
DEMO-06-001,RCP 8.5,2020,0.0,0.00200339,1
DEMO-06-001,RCP 8.5,2030,0.0375,0.00214445,1
DEMO-06-001,RCP 8.5,2040,0.1,0.0024019,1
DEMO-06-001,RCP 8.5,2050,0.1875,0.00281493,1
DEMO-06-001,RCP 8.5,2060,0.3,0.00345162,1
DEMO-06-001,RCP 8.5,2070,0.4375,0.00442762,1
DEMO-06-001,RCP 8.5,2080,0.6,0.00594052,1
DEMO-06-001,RCP 8.5,2090,0.7875,0.0083336,1
DEMO-06-001,RCP 8.5,2100,1.0,0.01221588,1
DEMO-06-002,RCP 2.6,2020,0.0,0.00716818,1
DEMO-06-002,RCP 2.6,2030,0.028906,0.00755207,1
DEMO-06-002,RCP 2.6,2040,0.065625,0.00806926,1
DEMO-06-002,RCP 2.6,2050,0.110156,0.00874383,1
DEMO-06-002,RCP 2.6,2060,0.1625,0.00960848,1
DEMO-06-002,RCP 2.6,2070,0.222656,0.01070714,1
DEMO-06-002,RCP 2.6,2080,0.290625,0.01209852,1
DEMO-06-002,RCP 2.6,2090,0.366406,0.01386103,1
DEMO-06-002,RCP 2.6,2100,0.45,0.01609965,1
DEMO-06-002,RCP 4.5,2020,0.0,0.00716818,1
DEMO-06-002,RCP 4.5,2030,0.032031,0.00759478,1
DEMO-06-002,RCP 4.5,2040,0.078125,0.00825323,1
DEMO-06-002,RCP 4.5,2050,0.138281,0.00919836,1
DEMO-06-002,RCP 4.5,2060,0.2125,0.0105133,1
DEMO-06-002,RCP 4.5,2070,0.300781,0.01232123,1
DEMO-06-002,RCP 4.5,2080,0.403125,0.01480383,1
DEMO-06-002,RCP 4.5,2090,0.519531,0.01822967,1
DEMO-06-002,RCP 4.5,2100,0.65,0.02299779,1
DEMO-06-002,RCP 8.5,2020,0.0,0.00716818,1
DEMO-06-002,RCP 8.5,2030,0.0375,0.00767009,1
DEMO-06-002,RCP 8.5,2040,0.1,0.00858522,1
DEMO-06-002,RCP 8.5,2050,0.1875,0.01005081,1
DEMO-06-002,RCP 8.5,2060,0.3,0.01230395,1
DEMO-06-002,RCP 8.5,2070,0.4375,0.01574357,1
DEMO-06-002,RCP 8.5,2080,0.6,0.02104135,1
DEMO-06-002,RCP 8.5,2090,0.7875,0.02933811,1
DEMO-06-002,RCP 8.5,2100,1.0,0.04258531,1
DEMO-06-003,RCP 2.6,2020,0.0,0.04628908,1
DEMO-06-003,RCP 2.6,2030,0.028906,0.04866539,1
DEMO-06-003,RCP 2.6,2040,0.065625,0.05185105,1
DEMO-06-003,RCP 2.6,2050,0.110156,0.05597907,1
DEMO-06-003,RCP 2.6,2060,0.1625,0.06122616,1
DEMO-06-003,RCP 2.6,2070,0.222656,0.06782277,1
DEMO-06-003,RCP 2.6,2080,0.290625,0.07606556,1
DEMO-06-003,RCP 2.6,2090,0.366406,0.08633244,1
DEMO-06-003,RCP 2.6,2100,0.45,0.09909929,1
DEMO-06-003,RCP 4.5,2020,0.0,0.04628908,1
DEMO-06-003,RCP 4.5,2030,0.032031,0.04892912,1
DEMO-06-003,RCP 4.5,2040,0.078125,0.05297983,1
DEMO-06-003,RCP 4.5,2050,0.138281,0.05874356,1
DEMO-06-003,RCP 4.5,2060,0.2125,0.06666458,1
DEMO-06-003,RCP 4.5,2070,0.300781,0.07737354,1
DEMO-06-003,RCP 4.5,2080,0.403125,0.09174602,1
DEMO-06-003,RCP 4.5,2090,0.519531,0.11097186,1
DEMO-06-003,RCP 4.5,2100,0.65,0.13662179,1
DEMO-06-003,RCP 8.5,2020,0.0,0.04628908,1
DEMO-06-003,RCP 8.5,2030,0.0375,0.04939391,1
DEMO-06-003,RCP 8.5,2040,0.1,0.0550112,1
DEMO-06-003,RCP 8.5,2050,0.1875,0.06389148,1
DEMO-06-003,RCP 8.5,2060,0.3,0.0772722,1
DEMO-06-003,RCP 8.5,2070,0.4375,0.09708864,1
DEMO-06-003,RCP 8.5,2080,0.6,0.12624832,1
DEMO-06-003,RCP 8.5,2090,0.7875,0.1688729,1
DEMO-06-003,RCP 8.5,2100,1.0,0.23018397,1
DEMO-06-004,RCP 2.6,2020,0.0,0.14052829,1
DEMO-06-004,RCP 2.6,2030,0.028906,0.14699683,1
DEMO-06-004,RCP 2.6,2040,0.065625,0.15556673,1
DEMO-06-004,RCP 2.6,2050,0.110156,0.16650186,1
DEMO-06-004,RCP 2.6,2060,0.1625,0.18013184,1
DEMO-06-004,RCP 2.6,2070,0.222656,0.19685315,1
DEMO-06-004,RCP 2.6,2080,0.290625,0.21712497,1
DEMO-06-004,RCP 2.6,2090,0.366406,0.24145557,1
DEMO-06-004,RCP 2.6,2100,0.45,0.27037373,1
DEMO-06-004,RCP 4.5,2020,0.0,0.14052829,1
DEMO-06-004,RCP 4.5,2030,0.032031,0.14771069,1
DEMO-06-004,RCP 4.5,2040,0.078125,0.15857574,1
DEMO-06-004,RCP 4.5,2050,0.138281,0.17372004,1
DEMO-06-004,RCP 4.5,2060,0.2125,0.19394999,1
DEMO-06-004,RCP 4.5,2070,0.300781,0.22028023,1
DEMO-06-004,RCP 4.5,2080,0.403125,0.2538933,1
DEMO-06-004,RCP 4.5,2090,0.519531,0.29602336,1
DEMO-06-004,RCP 4.5,2100,0.65,0.3477167,1
DEMO-06-004,RCP 8.5,2020,0.0,0.14052829,1
DEMO-06-004,RCP 8.5,2030,0.0375,0.14896685,1
DEMO-06-004,RCP 8.5,2040,0.1,0.16395494,1
DEMO-06-004,RCP 8.5,2050,0.1875,0.18694261,1
DEMO-06-004,RCP 8.5,2060,0.3,0.22003635,1
DEMO-06-004,RCP 8.5,2070,0.4375,0.26591375,1
DEMO-06-004,RCP 8.5,2080,0.6,0.32739298,1
DEMO-06-004,RCP 8.5,2090,0.7875,0.40634618,1
DEMO-06-004,RCP 8.5,2100,1.0,0.50181817,1
DEMO-06-005,RCP 2.6,2020,0.0,0.08111652,1
DEMO-06-005,RCP 2.6,2030,0.028906,0.08512117,1
DEMO-06-005,RCP 2.6,2040,0.065625,0.09046631,1
DEMO-06-005,RCP 2.6,2050,0.110156,0.09735294,1
DEMO-06-005,RCP 2.6,2060,0.1625,0.10604251,1
DEMO-06-005,RCP 2.6,2070,0.222656,0.1168666,1
DEMO-06-005,RCP 2.6,2080,0.290625,0.13023714,1
DEMO-06-005,RCP 2.6,2090,0.366406,0.14665519,1
DEMO-06-005,RCP 2.6,2100,0.45,0.16671487,1
DEMO-06-005,RCP 4.5,2020,0.0,0.08111652,1
DEMO-06-005,RCP 4.5,2030,0.032031,0.08556469,1
DEMO-06-005,RCP 4.5,2040,0.078125,0.09235384,1
DEMO-06-005,RCP 4.5,2050,0.138281,0.10194002,1
DEMO-06-005,RCP 4.5,2060,0.2125,0.11497419,1
DEMO-06-005,RCP 4.5,2070,0.300781,0.1323432,1
DEMO-06-005,RCP 4.5,2080,0.403125,0.1552088,1
DEMO-06-005,RCP 4.5,2090,0.519531,0.1850244,1
DEMO-06-005,RCP 4.5,2100,0.65,0.22348797,1
DEMO-06-005,RCP 8.5,2020,0.0,0.08111652,1
DEMO-06-005,RCP 8.5,2030,0.0375,0.08634589,1
DEMO-06-005,RCP 8.5,2040,0.1,0.09574227,1
DEMO-06-005,RCP 8.5,2050,0.1875,0.11042929,1
DEMO-06-005,RCP 8.5,2060,0.3,0.13218017,1
DEMO-06-005,RCP 8.5,2070,0.4375,0.16358144,1
DEMO-06-005,RCP 8.5,2080,0.6,0.20810869,1
DEMO-06-005,RCP 8.5,2090,0.7875,0.26983605,1
DEMO-06-005,RCP 8.5,2100,1.0,0.3522666,1
DEMO-06-006,RCP 2.6,2020,0.0,0.06427314,1
DEMO-06-006,RCP 2.6,2030,0.028906,0.06750734,1
DEMO-06-006,RCP 2.6,2040,0.065625,0.07183327,1
DEMO-06-006,RCP 2.6,2050,0.110156,0.07742223,1
DEMO-06-006,RCP 2.6,2060,0.1625,0.08449935,1
DEMO-06-006,RCP 2.6,2070,0.222656,0.09335409,1
DEMO-06-006,RCP 2.6,2080,0.290625,0.10435246,1
DEMO-06-006,RCP 2.6,2090,0.366406,0.11794993,1
DEMO-06-006,RCP 2.6,2100,0.45,0.13470305,1
DEMO-06-006,RCP 4.5,2020,0.0,0.06427314,1
DEMO-06-006,RCP 4.5,2030,0.032031,0.06786589,1
DEMO-06-006,RCP 4.5,2040,0.078125,0.0733634,1
DEMO-06-006,RCP 4.5,2050,0.138281,0.08115464,1
DEMO-06-006,RCP 4.5,2060,0.2125,0.09180285,1
DEMO-06-006,RCP 4.5,2070,0.300781,0.10609099,1
DEMO-06-006,RCP 4.5,2080,0.403125,0.12507471,1
DEMO-06-006,RCP 4.5,2090,0.519531,0.15013029,1
DEMO-06-006,RCP 4.5,2100,0.65,0.1829685,1
DEMO-06-006,RCP 8.5,2020,0.0,0.06427314,1
DEMO-06-006,RCP 8.5,2030,0.0375,0.0684976,1
DEMO-06-006,RCP 8.5,2040,0.1,0.0761135,1
DEMO-06-006,RCP 8.5,2050,0.1875,0.08808273,1
DEMO-06-006,RCP 8.5,2060,0.3,0.10595636,1
DEMO-06-006,RCP 8.5,2070,0.4375,0.13207593,1
DEMO-06-006,RCP 8.5,2080,0.6,0.16976795,1
DEMO-06-006,RCP 8.5,2090,0.7875,0.22333025,1
DEMO-06-006,RCP 8.5,2100,1.0,0.29733935,1
DEMO-06-007,RCP 2.6,2020,0.0,0.00138844,1
DEMO-06-007,RCP 2.6,2030,0.028906,0.00146326,1
DEMO-06-007,RCP 2.6,2040,0.065625,0.00156412,1
DEMO-06-007,RCP 2.6,2050,0.110156,0.00169581,1
DEMO-06-007,RCP 2.6,2060,0.1625,0.00186481,1
DEMO-06-007,RCP 2.6,2070,0.222656,0.0020799,1
DEMO-06-007,RCP 2.6,2080,0.290625,0.00235285,1
DEMO-06-007,RCP 2.6,2090,0.366406,0.00269949,1
DEMO-06-007,RCP 2.6,2100,0.45,0.00314121,1
DEMO-06-007,RCP 4.5,2020,0.0,0.00138844,1
DEMO-06-007,RCP 4.5,2030,0.032031,0.00147158,1
DEMO-06-007,RCP 4.5,2040,0.078125,0.00160002,1
DEMO-06-007,RCP 4.5,2050,0.138281,0.00178462,1
DEMO-06-007,RCP 4.5,2060,0.2125,0.00204193,1
DEMO-06-007,RCP 4.5,2070,0.300781,0.0023966,1
DEMO-06-007,RCP 4.5,2080,0.403125,0.00288533,1
DEMO-06-007,RCP 4.5,2090,0.519531,0.00356301,1
DEMO-06-007,RCP 4.5,2100,0.65,0.00451258,1
DEMO-06-007,RCP 8.5,2020,0.0,0.00138844,1
DEMO-06-007,RCP 8.5,2030,0.0375,0.00148627,1
DEMO-06-007,RCP 8.5,2040,0.1,0.00166483,1
DEMO-06-007,RCP 8.5,2050,0.1875,0.00195137,1
DEMO-06-007,RCP 8.5,2060,0.3,0.0023932,1
DEMO-06-007,RCP 8.5,2070,0.4375,0.00307084,1
DEMO-06-007,RCP 8.5,2080,0.6,0.00412206,1
DEMO-06-007,RCP 8.5,2090,0.7875,0.00578685,1
DEMO-06-007,RCP 8.5,2100,1.0,0.00849286,1
DEMO-06-008,RCP 2.6,2020,0.0,0.00735163,1
DEMO-06-008,RCP 2.6,2030,0.028906,0.00774527,1
DEMO-06-008,RCP 2.6,2040,0.065625,0.00827558,1
DEMO-06-008,RCP 2.6,2050,0.110156,0.00896723,1
DEMO-06-008,RCP 2.6,2060,0.1625,0.00985376,1
DEMO-06-008,RCP 2.6,2070,0.222656,0.01098015,1
DEMO-06-008,RCP 2.6,2080,0.290625,0.01240656,1
DEMO-06-008,RCP 2.6,2090,0.366406,0.01421331,1
DEMO-06-008,RCP 2.6,2100,0.45,0.01650786,1
DEMO-06-008,RCP 4.5,2020,0.0,0.00735163,1
DEMO-06-008,RCP 4.5,2030,0.032031,0.00778906,1
DEMO-06-008,RCP 4.5,2040,0.078125,0.0084642,1
DEMO-06-008,RCP 4.5,2050,0.138281,0.00943327,1
DEMO-06-008,RCP 4.5,2060,0.2125,0.01078142,1
DEMO-06-008,RCP 4.5,2070,0.300781,0.01263487,1
DEMO-06-008,RCP 4.5,2080,0.403125,0.0151797,1
DEMO-06-008,RCP 4.5,2090,0.519531,0.01869087,1
DEMO-06-008,RCP 4.5,2100,0.65,0.02357672,1
DEMO-06-008,RCP 8.5,2020,0.0,0.00735163,1
DEMO-06-008,RCP 8.5,2030,0.0375,0.00786628,1
DEMO-06-008,RCP 8.5,2040,0.1,0.00880461,1
DEMO-06-008,RCP 8.5,2050,0.1875,0.01030727,1
DEMO-06-008,RCP 8.5,2060,0.3,0.01261716,1
DEMO-06-008,RCP 8.5,2070,0.4375,0.01614291,1
DEMO-06-008,RCP 8.5,2080,0.6,0.02157212,1
DEMO-06-008,RCP 8.5,2090,0.7875,0.03007174,1
DEMO-06-008,RCP 8.5,2100,1.0,0.04363531,1
DEMO-06-009,RCP 2.6,2020,0.0,0.13238887,1
DEMO-06-009,RCP 2.6,2030,0.028906,0.13854314,1
DEMO-06-009,RCP 2.6,2040,0.065625,0.14670497,1
DEMO-06-009,RCP 2.6,2050,0.110156,0.15713309,1
DEMO-06-009,RCP 2.6,2060,0.1625,0.1701527,1
DEMO-06-009,RCP 2.6,2070,0.222656,0.186158,1
DEMO-06-009,RCP 2.6,2080,0.290625,0.2056104,1
DEMO-06-009,RCP 2.6,2090,0.366406,0.22902817,1
DEMO-06-009,RCP 2.6,2100,0.45,0.25696215,1
DEMO-06-009,RCP 4.5,2020,0.0,0.13238887,1
DEMO-06-009,RCP 4.5,2030,0.032031,0.13922266,1
DEMO-06-009,RCP 4.5,2040,0.078125,0.14957293,1
DEMO-06-009,RCP 4.5,2050,0.138281,0.16402504,1
DEMO-06-009,RCP 4.5,2060,0.2125,0.18337656,1
DEMO-06-009,RCP 4.5,2070,0.300781,0.20864292,1
DEMO-06-009,RCP 4.5,2080,0.403125,0.24102916,1
DEMO-06-009,RCP 4.5,2090,0.519531,0.28183092,1
DEMO-06-009,RCP 4.5,2100,0.65,0.33221547,1
DEMO-06-009,RCP 8.5,2020,0.0,0.13238887,1
DEMO-06-009,RCP 8.5,2030,0.0375,0.14041853,1
DEMO-06-009,RCP 8.5,2040,0.1,0.15470288,1
DEMO-06-009,RCP 8.5,2050,0.1875,0.17666747,1
DEMO-06-009,RCP 8.5,2060,0.3,0.20840849,1
DEMO-06-009,RCP 8.5,2070,0.4375,0.2526468,1
DEMO-06-009,RCP 8.5,2080,0.6,0.3123639,1
DEMO-06-009,RCP 8.5,2090,0.7875,0.38979314,1
DEMO-06-009,RCP 8.5,2100,1.0,0.48455037,1
DEMO-06-010,RCP 2.6,2020,0.0,0.19551811,1
DEMO-06-010,RCP 2.6,2030,0.028906,0.20391729,1
DEMO-06-010,RCP 2.6,2040,0.065625,0.21496935,1
DEMO-06-010,RCP 2.6,2050,0.110156,0.22894792,1
DEMO-06-010,RCP 2.6,2060,0.1625,0.24617995,1
DEMO-06-010,RCP 2.6,2070,0.222656,0.26703545,1
DEMO-06-010,RCP 2.6,2080,0.290625,0.29190779,1
DEMO-06-010,RCP 2.6,2090,0.366406,0.32118044,1
DEMO-06-010,RCP 2.6,2100,0.45,0.35517608,1
DEMO-06-010,RCP 4.5,2020,0.0,0.19551811,1
DEMO-06-010,RCP 4.5,2030,0.032031,0.2048412,1
DEMO-06-010,RCP 4.5,2040,0.078125,0.21882959,1
DEMO-06-010,RCP 4.5,2050,0.138281,0.23809992,1
DEMO-06-010,RCP 4.5,2060,0.2125,0.26343675,1
DEMO-06-010,RCP 4.5,2070,0.300781,0.29573926,1
DEMO-06-010,RCP 4.5,2080,0.403125,0.33590632,1
DEMO-06-010,RCP 4.5,2090,0.519531,0.38462969,1
DEMO-06-010,RCP 4.5,2100,0.65,0.44207937,1
DEMO-06-010,RCP 8.5,2020,0.0,0.19551811,1
DEMO-06-010,RCP 8.5,2030,0.0375,0.20646551,1
DEMO-06-010,RCP 8.5,2040,0.1,0.22570445,1
DEMO-06-010,RCP 8.5,2050,0.1875,0.25471216,1
DEMO-06-010,RCP 8.5,2060,0.3,0.2954435,1
DEMO-06-010,RCP 8.5,2070,0.4375,0.34998824,1
DEMO-06-010,RCP 8.5,2080,0.6,0.41978979,1
DEMO-06-010,RCP 8.5,2090,0.7875,0.50431807,1
DEMO-06-010,RCP 8.5,2100,1.0,0.59956102,1
DEMO-06-011,RCP 2.6,2020,0.0,0.10172695,1
DEMO-06-011,RCP 2.6,2030,0.028906,0.10663104,1
DEMO-06-011,RCP 2.6,2040,0.065625,0.11315982,1
DEMO-06-011,RCP 2.6,2050,0.110156,0.12154312,1
DEMO-06-011,RCP 2.6,2060,0.1625,0.13207593,1
DEMO-06-011,RCP 2.6,2070,0.222656,0.14512594,1
DEMO-06-011,RCP 2.6,2080,0.290625,0.16113967,1
DEMO-06-011,RCP 2.6,2090,0.366406,0.18064426,1
DEMO-06-011,RCP 2.6,2100,0.45,0.2042403,1
DEMO-06-011,RCP 4.5,2020,0.0,0.10172695,1
DEMO-06-011,RCP 4.5,2030,0.032031,0.10717351,1
DEMO-06-011,RCP 4.5,2040,0.078125,0.11546074,1
DEMO-06-011,RCP 4.5,2050,0.138281,0.12710948,1
DEMO-06-011,RCP 4.5,2060,0.2125,0.14284995,1
DEMO-06-011,RCP 4.5,2070,0.300781,0.16365142,1
DEMO-06-011,RCP 4.5,2080,0.403125,0.19073718,1
DEMO-06-011,RCP 4.5,2090,0.519531,0.22555554,1
DEMO-06-011,RCP 4.5,2100,0.65,0.26965697,1
DEMO-06-011,RCP 8.5,2020,0.0,0.10172695,1
DEMO-06-011,RCP 8.5,2030,0.0375,0.10812867,1
DEMO-06-011,RCP 8.5,2040,0.1,0.11958525,1
DEMO-06-011,RCP 8.5,2050,0.1875,0.13737416,1
DEMO-06-011,RCP 8.5,2060,0.3,0.16345709,1
DEMO-06-011,RCP 8.5,2070,0.4375,0.20057134,1
DEMO-06-011,RCP 8.5,2080,0.6,0.25213219,1
DEMO-06-011,RCP 8.5,2090,0.7875,0.32161416,1
DEMO-06-011,RCP 8.5,2100,1.0,0.41095957,1
DEMO-06-012,RCP 2.6,2020,0.0,0.2901727,1
DEMO-06-012,RCP 2.6,2030,0.028906,0.30111612,1
DEMO-06-012,RCP 2.6,2040,0.065625,0.31534943,1
DEMO-06-012,RCP 2.6,2050,0.110156,0.33308578,1
DEMO-06-012,RCP 2.6,2060,0.1625,0.35455171,1
DEMO-06-012,RCP 2.6,2070,0.222656,0.37996049,1
DEMO-06-012,RCP 2.6,2080,0.290625,0.40947494,1
DEMO-06-012,RCP 2.6,2090,0.366406,0.44315872,1
DEMO-06-012,RCP 2.6,2100,0.45,0.48091836,1
DEMO-06-012,RCP 4.5,2020,0.0,0.2901727,1
DEMO-06-012,RCP 4.5,2030,0.032031,0.30231318,1
DEMO-06-012,RCP 4.5,2040,0.078125,0.32027681,1
DEMO-06-012,RCP 4.5,2050,0.138281,0.34454047,1
DEMO-06-012,RCP 4.5,2060,0.2125,0.37561985,1
DEMO-06-012,RCP 4.5,2070,0.300781,0.41394744,1
DEMO-06-012,RCP 4.5,2080,0.403125,0.45968995,1
DEMO-06-012,RCP 4.5,2090,0.519531,0.51251159,1
DEMO-06-012,RCP 4.5,2100,0.65,0.57132832,1
DEMO-06-012,RCP 8.5,2020,0.0,0.2901727,1
DEMO-06-012,RCP 8.5,2030,0.0375,0.30441451,1
DEMO-06-012,RCP 8.5,2040,0.1,0.32899649,1
DEMO-06-012,RCP 8.5,2050,0.1875,0.36502116,1
DEMO-06-012,RCP 8.5,2060,0.3,0.41360289,1
DEMO-06-012,RCP 8.5,2070,0.4375,0.47524752,1
DEMO-06-012,RCP 8.5,2080,0.6,0.54893377,1
DEMO-06-012,RCP 8.5,2090,0.7875,0.63117776,1
DEMO-06-012,RCP 8.5,2100,1.0,0.71578246,1
DEMO-06-013,RCP 2.6,2020,0.0,0.24871927,1
DEMO-06-013,RCP 2.6,2030,0.028906,0.25866905,1
DEMO-06-013,RCP 2.6,2040,0.065625,0.27167589,1
DEMO-06-013,RCP 2.6,2050,0.110156,0.28798913,1
DEMO-06-013,RCP 2.6,2060,0.1625,0.3078905,1
DEMO-06-013,RCP 2.6,2070,0.222656,0.33167367,1
DEMO-06-013,RCP 2.6,2080,0.290625,0.35961272,1
DEMO-06-013,RCP 2.6,2090,0.366406,0.39191699,1
DEMO-06-013,RCP 2.6,2100,0.45,0.42867168,1
DEMO-06-013,RCP 4.5,2020,0.0,0.24871927,1
DEMO-06-013,RCP 4.5,2030,0.032031,0.25976008,1
DEMO-06-013,RCP 4.5,2040,0.078125,0.27619616,1
DEMO-06-013,RCP 4.5,2050,0.138281,0.2985873,1
DEMO-06-013,RCP 4.5,2060,0.2125,0.3275932,1
DEMO-06-013,RCP 4.5,2070,0.300781,0.36387619,1
DEMO-06-013,RCP 4.5,2080,0.403125,0.40793707,1
DEMO-06-013,RCP 4.5,2090,0.519531,0.45987341,1
DEMO-06-013,RCP 4.5,2100,0.65,0.51908164,1
DEMO-06-013,RCP 8.5,2020,0.0,0.24871927,1
DEMO-06-013,RCP 8.5,2030,0.0375,0.26167657,1
DEMO-06-013,RCP 8.5,2040,0.1,0.28421754,1
DEMO-06-013,RCP 8.5,2050,0.1875,0.31766021,1
DEMO-06-013,RCP 8.5,2060,0.3,0.36354746,1
DEMO-06-013,RCP 8.5,2070,0.4375,0.42311474,1
DEMO-06-013,RCP 8.5,2080,0.6,0.4963637,1
DEMO-06-013,RCP 8.5,2090,0.7875,0.58087433,1
DEMO-06-013,RCP 8.5,2100,1.0,0.67100351,1
DEMO-06-014,RCP 2.6,2020,0.0,0.44432277,1
DEMO-06-014,RCP 2.6,2030,0.028906,0.45733413,1
DEMO-06-014,RCP 2.6,2040,0.065625,0.47394408,1
DEMO-06-014,RCP 2.6,2050,0.110156,0.4941622,1
DEMO-06-014,RCP 2.6,2060,0.1625,0.51794683,1
DEMO-06-014,RCP 2.6,2070,0.222656,0.54517477,1
DEMO-06-014,RCP 2.6,2080,0.290625,0.57560883,1
DEMO-06-014,RCP 2.6,2090,0.366406,0.6088681,1
DEMO-06-014,RCP 2.6,2100,0.45,0.6444074,1
DEMO-06-014,RCP 4.5,2020,0.0,0.44432277,1
DEMO-06-014,RCP 4.5,2030,0.032031,0.45874458,1
DEMO-06-014,RCP 4.5,2040,0.078125,0.47961358,1
DEMO-06-014,RCP 4.5,2050,0.138281,0.50694558,1
DEMO-06-014,RCP 4.5,2060,0.2125,0.54059228,1
DEMO-06-014,RCP 4.5,2070,0.300781,0.58011333,1
DEMO-06-014,RCP 4.5,2080,0.403125,0.62464663,1
DEMO-06-014,RCP 4.5,2090,0.519531,0.67281968,1
DEMO-06-014,RCP 4.5,2100,0.65,0.72275763,1
DEMO-06-014,RCP 8.5,2020,0.0,0.44432277,1
DEMO-06-014,RCP 8.5,2030,0.0375,0.46121444,1
DEMO-06-014,RCP 8.5,2040,0.1,0.48954698,1
DEMO-06-014,RCP 8.5,2050,0.1875,0.52928463,1
DEMO-06-014,RCP 8.5,2060,0.3,0.57976729,1
DEMO-06-014,RCP 8.5,2070,0.4375,0.63918261,1
DEMO-06-014,RCP 8.5,2080,0.6,0.70417789,1
DEMO-06-014,RCP 8.5,2090,0.7875,0.76997708,1
DEMO-06-014,RCP 8.5,2100,1.0,0.83125466,1
DEMO-06-015,RCP 2.6,2020,0.0,0.00829612,1
DEMO-06-015,RCP 2.6,2030,0.028906,0.00873989,1
DEMO-06-015,RCP 2.6,2040,0.065625,0.00933766,1
DEMO-06-015,RCP 2.6,2050,0.110156,0.01011717,1
DEMO-06-015,RCP 2.6,2060,0.1625,0.01111611,1
DEMO-06-015,RCP 2.6,2070,0.222656,0.012385,1
DEMO-06-015,RCP 2.6,2080,0.290625,0.01399133,1
DEMO-06-015,RCP 2.6,2090,0.366406,0.01602512,1
DEMO-06-015,RCP 2.6,2100,0.45,0.01860665,1
DEMO-06-015,RCP 4.5,2020,0.0,0.00829612,1
DEMO-06-015,RCP 4.5,2030,0.032031,0.00878925,1
DEMO-06-015,RCP 4.5,2040,0.078125,0.00955026,1
DEMO-06-015,RCP 4.5,2050,0.138281,0.01064234,1
DEMO-06-015,RCP 4.5,2060,0.2125,0.01216115,1
DEMO-06-015,RCP 4.5,2070,0.300781,0.01424838,1
DEMO-06-015,RCP 4.5,2080,0.403125,0.01711256,1
DEMO-06-015,RCP 4.5,2090,0.519531,0.02106125,1
DEMO-06-015,RCP 4.5,2100,0.65,0.02654996,1
DEMO-06-015,RCP 8.5,2020,0.0,0.00829612,1
DEMO-06-015,RCP 8.5,2030,0.0375,0.0088763,1
DEMO-06-015,RCP 8.5,2040,0.1,0.0099339,1
DEMO-06-015,RCP 8.5,2050,0.1875,0.01162703,1
DEMO-06-015,RCP 8.5,2060,0.3,0.01422844,1
DEMO-06-015,RCP 8.5,2070,0.4375,0.01819614,1
DEMO-06-015,RCP 8.5,2080,0.6,0.02429885,1
DEMO-06-015,RCP 8.5,2090,0.7875,0.03383568,1
DEMO-06-015,RCP 8.5,2100,1.0,0.04901115,1
DEMO-06-016,RCP 2.6,2020,0.0,0.56418929,1
DEMO-06-016,RCP 2.6,2030,0.028906,0.57706554,1
DEMO-06-016,RCP 2.6,2040,0.065625,0.59326999,1
DEMO-06-016,RCP 2.6,2050,0.110156,0.61265018,1
DEMO-06-016,RCP 2.6,2060,0.1625,0.63497884,1
DEMO-06-016,RCP 2.6,2070,0.222656,0.65993652,1
DEMO-06-016,RCP 2.6,2080,0.290625,0.68709886,1
DEMO-06-016,RCP 2.6,2090,0.366406,0.7159327,1
DEMO-06-016,RCP 2.6,2100,0.45,0.74580522,1
DEMO-06-016,RCP 4.5,2020,0.0,0.56418929,1
DEMO-06-016,RCP 4.5,2030,0.032031,0.57845164,1
DEMO-06-016,RCP 4.5,2040,0.078125,0.59874226,1
DEMO-06-016,RCP 4.5,2050,0.138281,0.62471323,1
DEMO-06-016,RCP 4.5,2060,0.2125,0.65578024,1
DEMO-06-016,RCP 4.5,2070,0.300781,0.69105514,1
DEMO-06-016,RCP 4.5,2080,0.403125,0.72931232,1
DEMO-06-016,RCP 4.5,2090,0.519531,0.76901969,1
DEMO-06-016,RCP 4.5,2100,0.65,0.80845465,1
DEMO-06-016,RCP 8.5,2020,0.0,0.56418929,1
DEMO-06-016,RCP 8.5,2030,0.0375,0.58087433,1
DEMO-06-016,RCP 8.5,2040,0.1,0.60825903,1
DEMO-06-016,RCP 8.5,2050,0.1875,0.64544829,1
DEMO-06-016,RCP 8.5,2060,0.3,0.6907518,1
DEMO-06-016,RCP 8.5,2070,0.4375,0.74147257,1
DEMO-06-016,RCP 8.5,2080,0.6,0.79398096,1
DEMO-06-016,RCP 8.5,2090,0.7875,0.84422416,1
DEMO-06-016,RCP 8.5,2100,1.0,0.88858453,1
DEMO-06-017,RCP 2.6,2020,0.0,0.01360477,1
DEMO-06-017,RCP 2.6,2030,0.028906,0.0143284,1
DEMO-06-017,RCP 2.6,2040,0.065625,0.0153025,1
DEMO-06-017,RCP 2.6,2050,0.110156,0.01657164,1
DEMO-06-017,RCP 2.6,2060,0.1625,0.01819614,1
DEMO-06-017,RCP 2.6,2070,0.222656,0.02025666,1
DEMO-06-017,RCP 2.6,2080,0.290625,0.02286031,1
DEMO-06-017,RCP 2.6,2090,0.366406,0.02614911,1
DEMO-06-017,RCP 2.6,2100,0.45,0.0303113,1
DEMO-06-017,RCP 4.5,2020,0.0,0.01360477,1
DEMO-06-017,RCP 4.5,2030,0.032031,0.01440887,1
DEMO-06-017,RCP 4.5,2040,0.078125,0.01564876,1
DEMO-06-017,RCP 4.5,2050,0.138281,0.01742594,1
DEMO-06-017,RCP 4.5,2060,0.2125,0.01989341,1
DEMO-06-017,RCP 4.5,2070,0.300781,0.02327645,1
DEMO-06-017,RCP 4.5,2080,0.403125,0.02790407,1
DEMO-06-017,RCP 4.5,2090,0.519531,0.0342561,1
DEMO-06-017,RCP 4.5,2100,0.65,0.04303232,1
DEMO-06-017,RCP 8.5,2020,0.0,0.01360477,1
DEMO-06-017,RCP 8.5,2030,0.0375,0.01455076,1
DEMO-06-017,RCP 8.5,2040,0.1,0.01627337,1
DEMO-06-017,RCP 8.5,2050,0.1875,0.01902623,1
DEMO-06-017,RCP 8.5,2060,0.3,0.02324418,1
DEMO-06-017,RCP 8.5,2070,0.4375,0.02965037,1
DEMO-06-017,RCP 8.5,2080,0.6,0.03944033,1
DEMO-06-017,RCP 8.5,2090,0.7875,0.05458741,1
DEMO-06-017,RCP 8.5,2100,1.0,0.07831571,1
DEMO-06-018,RCP 2.6,2020,0.0,0.01735506,1
DEMO-06-018,RCP 2.6,2030,0.028906,0.01827447,1
DEMO-06-018,RCP 2.6,2040,0.065625,0.01951153,1
DEMO-06-018,RCP 2.6,2050,0.110156,0.02112225,1
DEMO-06-018,RCP 2.6,2060,0.1625,0.02318234,1
DEMO-06-018,RCP 2.6,2070,0.222656,0.02579266,1
DEMO-06-018,RCP 2.6,2080,0.290625,0.02908675,1
DEMO-06-018,RCP 2.6,2090,0.366406,0.03324083,1
DEMO-06-018,RCP 2.6,2100,0.45,0.03848721,1
DEMO-06-018,RCP 4.5,2020,0.0,0.01735506,1
DEMO-06-018,RCP 4.5,2030,0.032031,0.01837668,1
DEMO-06-018,RCP 4.5,2040,0.078125,0.0199511,1
DEMO-06-018,RCP 4.5,2050,0.138281,0.02220585,1
DEMO-06-018,RCP 4.5,2060,0.2125,0.0253327,1
DEMO-06-018,RCP 4.5,2070,0.300781,0.0296128,1
DEMO-06-018,RCP 4.5,2080,0.403125,0.03545442,1
DEMO-06-018,RCP 4.5,2090,0.519531,0.04344837,1
DEMO-06-018,RCP 4.5,2100,0.65,0.05444683,1
DEMO-06-018,RCP 8.5,2020,0.0,0.01735506,1
DEMO-06-018,RCP 8.5,2030,0.0375,0.01855691,1
DEMO-06-018,RCP 8.5,2040,0.1,0.02074381,1
DEMO-06-018,RCP 8.5,2050,0.1875,0.02423428,1
DEMO-06-018,RCP 8.5,2060,0.3,0.029572,1
DEMO-06-018,RCP 8.5,2070,0.4375,0.03765493,1
DEMO-06-018,RCP 8.5,2080,0.6,0.04995178,1
DEMO-06-018,RCP 8.5,2090,0.7875,0.06884645,1
DEMO-06-018,RCP 8.5,2100,1.0,0.0981296,1
DEMO-06-019,RCP 2.6,2020,0.0,0.05073409,1
DEMO-06-019,RCP 2.6,2030,0.028906,0.05332583,1
DEMO-06-019,RCP 2.6,2040,0.065625,0.05679836,1
DEMO-06-019,RCP 2.6,2050,0.110156,0.06129478,1
DEMO-06-019,RCP 2.6,2060,0.1625,0.06700476,1
DEMO-06-019,RCP 2.6,2070,0.222656,0.07417477,1
DEMO-06-019,RCP 2.6,2080,0.290625,0.08312072,1
DEMO-06-019,RCP 2.6,2090,0.366406,0.09424272,1
DEMO-06-019,RCP 2.6,2100,0.45,0.10804103,1
DEMO-06-019,RCP 4.5,2020,0.0,0.05073409,1
DEMO-06-019,RCP 4.5,2030,0.032031,0.05361339,1
DEMO-06-019,RCP 4.5,2040,0.078125,0.05802824,1
DEMO-06-019,RCP 4.5,2050,0.138281,0.0643039,1
DEMO-06-019,RCP 4.5,2060,0.2125,0.0729166,1
DEMO-06-019,RCP 4.5,2070,0.300781,0.08453891,1
DEMO-06-019,RCP 4.5,2080,0.403125,0.10009798,1
DEMO-06-019,RCP 4.5,2090,0.519531,0.12084116,1
DEMO-06-019,RCP 4.5,2100,0.65,0.14839152,1
DEMO-06-019,RCP 8.5,2020,0.0,0.05073409,1
DEMO-06-019,RCP 8.5,2030,0.0375,0.05412014,1
DEMO-06-019,RCP 8.5,2040,0.1,0.06024086,1
DEMO-06-019,RCP 8.5,2050,0.1875,0.0699029,1
DEMO-06-019,RCP 8.5,2060,0.3,0.08442905,1
DEMO-06-019,RCP 8.5,2070,0.4375,0.10587027,1
DEMO-06-019,RCP 8.5,2080,0.6,0.13726647,1
DEMO-06-019,RCP 8.5,2090,0.7875,0.18283264,1
DEMO-06-019,RCP 8.5,2100,1.0,0.24770144,1
DEMO-06-020,RCP 2.6,2020,0.0,0.10139515,1
DEMO-06-020,RCP 2.6,2030,0.028906,0.10628513,1
DEMO-06-020,RCP 2.6,2040,0.065625,0.11279541,1
DEMO-06-020,RCP 2.6,2050,0.110156,0.1211554,1
DEMO-06-020,RCP 2.6,2060,0.1625,0.13165964,1
DEMO-06-020,RCP 2.6,2070,0.222656,0.14467537,1
DEMO-06-020,RCP 2.6,2080,0.290625,0.16064873,1
DEMO-06-020,RCP 2.6,2090,0.366406,0.18010666,1
DEMO-06-020,RCP 2.6,2100,0.45,0.20364993,1
DEMO-06-020,RCP 4.5,2020,0.0,0.10139515,1
DEMO-06-020,RCP 4.5,2030,0.032031,0.10682605,1
DEMO-06-020,RCP 4.5,2040,0.078125,0.11508988,1
DEMO-06-020,RCP 4.5,2050,0.138281,0.12670656,1
DEMO-06-020,RCP 4.5,2060,0.2125,0.14240528,1
DEMO-06-020,RCP 4.5,2070,0.300781,0.16315432,1
DEMO-06-020,RCP 4.5,2080,0.403125,0.19017652,1
DEMO-06-020,RCP 4.5,2090,0.519531,0.22492097,1
DEMO-06-020,RCP 4.5,2100,0.65,0.26894142,1
DEMO-06-020,RCP 8.5,2020,0.0,0.10139515,1
DEMO-06-020,RCP 8.5,2030,0.0375,0.10777849,1
DEMO-06-020,RCP 8.5,2040,0.1,0.11920292,1
DEMO-06-020,RCP 8.5,2050,0.1875,0.13694381,1
DEMO-06-020,RCP 8.5,2060,0.3,0.16296047,1
DEMO-06-020,RCP 8.5,2070,0.4375,0.19998892,1
DEMO-06-020,RCP 8.5,2080,0.6,0.25144713,1
DEMO-06-020,RCP 8.5,2090,0.7875,0.3208213,1
DEMO-06-020,RCP 8.5,2100,1.0,0.41007959,1
DEMO-06-021,RCP 2.6,2020,0.0,0.04486555,1
DEMO-06-021,RCP 2.6,2030,0.028906,0.0471724,1
DEMO-06-021,RCP 2.6,2040,0.065625,0.05026549,1
DEMO-06-021,RCP 2.6,2050,0.110156,0.05427451,1
DEMO-06-021,RCP 2.6,2060,0.1625,0.05937187,1
DEMO-06-021,RCP 2.6,2070,0.222656,0.06578269,1
DEMO-06-021,RCP 2.6,2080,0.290625,0.07379718,1
DEMO-06-021,RCP 2.6,2090,0.366406,0.08378565,1
DEMO-06-021,RCP 2.6,2100,0.45,0.09621554,1
DEMO-06-021,RCP 4.5,2020,0.0,0.04486555,1
DEMO-06-021,RCP 4.5,2030,0.032031,0.04742844,1
DEMO-06-021,RCP 4.5,2040,0.078125,0.05136163,1
DEMO-06-021,RCP 4.5,2050,0.138281,0.0569599,1
DEMO-06-021,RCP 4.5,2060,0.2125,0.06465692,1
DEMO-06-021,RCP 4.5,2070,0.300781,0.07506932,1
DEMO-06-021,RCP 4.5,2080,0.403125,0.08905509,1
DEMO-06-021,RCP 4.5,2090,0.519531,0.10778395,1
DEMO-06-021,RCP 4.5,2100,0.65,0.13280711,1
DEMO-06-021,RCP 8.5,2020,0.0,0.04486555,1
DEMO-06-021,RCP 8.5,2030,0.0375,0.04787969,1
DEMO-06-021,RCP 8.5,2040,0.1,0.05333444,1
DEMO-06-021,RCP 8.5,2050,0.1875,0.06196179,1
DEMO-06-021,RCP 8.5,2060,0.3,0.07497075,1
DEMO-06-021,RCP 8.5,2070,0.4375,0.09425728,1
DEMO-06-021,RCP 8.5,2080,0.6,0.12268212,1
DEMO-06-021,RCP 8.5,2090,0.7875,0.16432912,1
DEMO-06-021,RCP 8.5,2100,1.0,0.22443599,1
DEMO-06-022,RCP 2.6,2020,0.0,0.01677565,1
DEMO-06-022,RCP 2.6,2030,0.028906,0.01766491,1
DEMO-06-022,RCP 2.6,2040,0.065625,0.0188615,1
DEMO-06-022,RCP 2.6,2050,0.110156,0.02041968,1
DEMO-06-022,RCP 2.6,2060,0.1625,0.02241282,1
DEMO-06-022,RCP 2.6,2070,0.222656,0.0249387,1
DEMO-06-022,RCP 2.6,2080,0.290625,0.02812687,1
DEMO-06-022,RCP 2.6,2090,0.366406,0.03214841,1
DEMO-06-022,RCP 2.6,2100,0.45,0.03722901,1
DEMO-06-022,RCP 4.5,2020,0.0,0.01677565,1
DEMO-06-022,RCP 4.5,2030,0.032031,0.01776378,1
DEMO-06-022,RCP 4.5,2040,0.078125,0.01928671,1
DEMO-06-022,RCP 4.5,2050,0.138281,0.02146803,1
DEMO-06-022,RCP 4.5,2060,0.2125,0.02449359,1
DEMO-06-022,RCP 4.5,2070,0.300781,0.02863607,1
DEMO-06-022,RCP 4.5,2080,0.403125,0.03429183,1
DEMO-06-022,RCP 4.5,2090,0.519531,0.04203507,1
DEMO-06-022,RCP 4.5,2100,0.65,0.05269548,1
DEMO-06-022,RCP 8.5,2020,0.0,0.01677565,1
DEMO-06-022,RCP 8.5,2030,0.0375,0.0179381,1
DEMO-06-022,RCP 8.5,2040,0.1,0.02005357,1
DEMO-06-022,RCP 8.5,2050,0.1875,0.02343067,1
DEMO-06-022,RCP 8.5,2060,0.3,0.02859658,1
DEMO-06-022,RCP 8.5,2070,0.4375,0.03642291,1
DEMO-06-022,RCP 8.5,2080,0.6,0.04833763,1
DEMO-06-022,RCP 8.5,2090,0.7875,0.06666458,1
DEMO-06-022,RCP 8.5,2100,1.0,0.09511448,1
DEMO-06-023,RCP 2.6,2020,0.0,0.08138797,1
DEMO-06-023,RCP 2.6,2030,0.028906,0.08540478,1
DEMO-06-023,RCP 2.6,2040,0.065625,0.09076596,1
DEMO-06-023,RCP 2.6,2050,0.110156,0.09767296,1
DEMO-06-023,RCP 2.6,2060,0.1625,0.10638772,1
DEMO-06-023,RCP 2.6,2070,0.222656,0.11724242,1
DEMO-06-023,RCP 2.6,2080,0.290625,0.13064961,1
DEMO-06-023,RCP 2.6,2090,0.366406,0.14711085,1
DEMO-06-023,RCP 2.6,2100,0.45,0.16722065,1
DEMO-06-023,RCP 4.5,2020,0.0,0.08138797,1
DEMO-06-023,RCP 4.5,2030,0.032031,0.08584964,1
DEMO-06-023,RCP 4.5,2040,0.078125,0.09265911,1
DEMO-06-023,RCP 4.5,2050,0.138281,0.1022734,1
DEMO-06-023,RCP 4.5,2060,0.2125,0.11534473,1
DEMO-06-023,RCP 4.5,2070,0.300781,0.13276131,1
DEMO-06-023,RCP 4.5,2080,0.403125,0.1556862,1
DEMO-06-023,RCP 4.5,2090,0.519531,0.18557336,1
DEMO-06-023,RCP 4.5,2100,0.65,0.22411966,1
DEMO-06-023,RCP 8.5,2020,0.0,0.08138797,1
DEMO-06-023,RCP 8.5,2030,0.0375,0.08663319,1
DEMO-06-023,RCP 8.5,2040,0.1,0.09605755,1
DEMO-06-023,RCP 8.5,2050,0.1875,0.11078701,1
DEMO-06-023,RCP 8.5,2060,0.3,0.13259785,1
DEMO-06-023,RCP 8.5,2070,0.4375,0.16407959,1
DEMO-06-023,RCP 8.5,2080,0.6,0.2087086,1
DEMO-06-023,RCP 8.5,2090,0.7875,0.2705531,1
DEMO-06-023,RCP 8.5,2100,1.0,0.35309677,1
DEMO-06-024,RCP 2.6,2020,0.0,0.12366395,1
DEMO-06-024,RCP 2.6,2030,0.028906,0.12947316,1
DEMO-06-024,RCP 2.6,2040,0.065625,0.13718574,1
DEMO-06-024,RCP 2.6,2050,0.110156,0.14705383,1
DEMO-06-024,RCP 2.6,2060,0.1625,0.15939623,1
DEMO-06-024,RCP 2.6,2070,0.222656,0.17460262,1
DEMO-06-024,RCP 2.6,2080,0.290625,0.1931341,1
DEMO-06-024,RCP 2.6,2090,0.366406,0.2155164,1
DEMO-06-024,RCP 2.6,2100,0.45,0.24232036,1
DEMO-06-024,RCP 4.5,2020,0.0,0.12366395,1
DEMO-06-024,RCP 4.5,2030,0.032031,0.13011491,1
DEMO-06-024,RCP 4.5,2040,0.078125,0.13989812,1
DEMO-06-024,RCP 4.5,2050,0.138281,0.15358425,1
DEMO-06-024,RCP 4.5,2060,0.2125,0.17195735,1
DEMO-06-024,RCP 4.5,2070,0.300781,0.19602802,1
DEMO-06-024,RCP 4.5,2080,0.403125,0.22701786,1
DEMO-06-024,RCP 4.5,2090,0.519531,0.26627991,1
DEMO-06-024,RCP 4.5,2100,0.65,0.31510413,1
DEMO-06-024,RCP 8.5,2020,0.0,0.12366395,1
DEMO-06-024,RCP 8.5,2030,0.0375,0.13124447,1
DEMO-06-024,RCP 8.5,2040,0.1,0.14475273,1
DEMO-06-024,RCP 8.5,2050,0.1875,0.16558134,1
DEMO-06-024,RCP 8.5,2060,0.3,0.19580425,1
DEMO-06-024,RCP 8.5,2070,0.4375,0.23817208,1
DEMO-06-024,RCP 8.5,2080,0.6,0.29582211,1
DEMO-06-024,RCP 8.5,2090,0.7875,0.37136541,1
DEMO-06-024,RCP 8.5,2100,1.0,0.46505705,1
DEMO-07-001,RCP 2.6,2020,0.0,0.43804727,1
DEMO-07-001,RCP 2.6,2030,0.028906,0.45102402,1
DEMO-07-001,RCP 2.6,2040,0.065625,0.46760227,1
DEMO-07-001,RCP 2.6,2050,0.110156,0.48780072,1
DEMO-07-001,RCP 2.6,2060,0.1625,0.51158883,1
DEMO-07-001,RCP 2.6,2070,0.222656,0.53885615,1
DEMO-07-001,RCP 2.6,2080,0.290625,0.56937906,1
DEMO-07-001,RCP 2.6,2090,0.366406,0.60278964,1
DEMO-07-001,RCP 2.6,2100,0.45,0.63855338,1
DEMO-07-001,RCP 4.5,2020,0.0,0.43804727,1
DEMO-07-001,RCP 4.5,2030,0.032031,0.45243123,1
DEMO-07-001,RCP 4.5,2040,0.078125,0.47326416,1
DEMO-07-001,RCP 4.5,2050,0.138281,0.50058239,1
DEMO-07-001,RCP 4.5,2060,0.2125,0.53426439,1
DEMO-07-001,RCP 4.5,2070,0.300781,0.57390073,1
DEMO-07-001,RCP 4.5,2080,0.403125,0.6186598,1
DEMO-07-001,RCP 4.5,2090,0.519531,0.66719183,1
DEMO-07-001,RCP 4.5,2100,0.65,0.71762826,1
DEMO-07-001,RCP 8.5,2020,0.0,0.43804727,1
DEMO-07-001,RCP 8.5,2030,0.0375,0.45489568,1
DEMO-07-001,RCP 8.5,2040,0.1,0.48318816,1
DEMO-07-001,RCP 8.5,2050,0.1875,0.52293843,1
DEMO-07-001,RCP 8.5,2060,0.3,0.57355334,1
DEMO-07-001,RCP 8.5,2070,0.4375,0.63329152,1
DEMO-07-001,RCP 8.5,2080,0.6,0.69884801,1
DEMO-07-001,RCP 8.5,2090,0.7875,0.76543782,1
DEMO-07-001,RCP 8.5,2100,1.0,0.82765397,1
DEMO-07-002,RCP 2.6,2020,0.0,0.35767847,1
DEMO-07-002,RCP 2.6,2030,0.028906,0.36984129,1
DEMO-07-002,RCP 2.6,2040,0.065625,0.38553112,1
DEMO-07-002,RCP 2.6,2050,0.110156,0.40488045,1
DEMO-07-002,RCP 2.6,2060,0.1625,0.42800387,1
DEMO-07-002,RCP 2.6,2070,0.222656,0.45496612,1
DEMO-07-002,RCP 2.6,2080,0.290625,0.4857425,1
DEMO-07-002,RCP 2.6,2090,0.366406,0.5201737,1
DEMO-07-002,RCP 2.6,2100,0.45,0.55792063,1
DEMO-07-002,RCP 4.5,2020,0.0,0.35767847,1
DEMO-07-002,RCP 4.5,2030,0.032031,0.37116647,1
DEMO-07-002,RCP 4.5,2040,0.078125,0.39092895,1
DEMO-07-002,RCP 4.5,2050,0.138281,0.41725939,1
DEMO-07-002,RCP 4.5,2060,0.2125,0.45039103,1
DEMO-07-002,RCP 4.5,2070,0.300781,0.49035631,1
DEMO-07-002,RCP 4.5,2080,0.403125,0.53680829,1
DEMO-07-002,RCP 4.5,2090,0.519531,0.58883411,1
DEMO-07-002,RCP 4.5,2100,0.65,0.64482392,1
DEMO-07-002,RCP 8.5,2020,0.0,0.35767847,1
DEMO-07-002,RCP 8.5,2030,0.0375,0.37349018,1
DEMO-07-002,RCP 8.5,2040,0.1,0.40043898,1
DEMO-07-002,RCP 8.5,2050,0.1875,0.4391665,1
DEMO-07-002,RCP 8.5,2060,0.3,0.49000133,1
DEMO-07-002,RCP 8.5,2070,0.4375,0.55230791,1
DEMO-07-002,RCP 8.5,2080,0.6,0.62374031,1
DEMO-07-002,RCP 8.5,2090,0.7875,0.69980378,1
DEMO-07-002,RCP 8.5,2100,1.0,0.77429555,1
DEMO-07-003,RCP 2.6,2020,0.0,0.02048684,1
DEMO-07-003,RCP 2.6,2030,0.028906,0.02156852,1
DEMO-07-003,RCP 2.6,2040,0.065625,0.02302333,1
DEMO-07-003,RCP 2.6,2050,0.110156,0.0249166,1
DEMO-07-003,RCP 2.6,2060,0.1625,0.02733643,1
DEMO-07-003,RCP 2.6,2070,0.222656,0.03039994,1
DEMO-07-003,RCP 2.6,2080,0.290625,0.03426174,1
DEMO-07-003,RCP 2.6,2090,0.366406,0.03912512,1
DEMO-07-003,RCP 2.6,2100,0.45,0.04525674,1
DEMO-07-003,RCP 4.5,2020,0.0,0.02048684,1
DEMO-07-003,RCP 4.5,2030,0.032031,0.02168875,1
DEMO-07-003,RCP 4.5,2040,0.078125,0.02354012,1
DEMO-07-003,RCP 4.5,2050,0.138281,0.02618965,1
DEMO-07-003,RCP 4.5,2060,0.2125,0.02986033,1
DEMO-07-003,RCP 4.5,2070,0.300781,0.03487802,1
DEMO-07-003,RCP 4.5,2080,0.403125,0.04171365,1
DEMO-07-003,RCP 4.5,2090,0.519531,0.05104419,1
DEMO-07-003,RCP 4.5,2100,0.65,0.06383713,1
DEMO-07-003,RCP 8.5,2020,0.0,0.02048684,1
DEMO-07-003,RCP 8.5,2030,0.0375,0.02190074,1
DEMO-07-003,RCP 8.5,2040,0.1,0.02447187,1
DEMO-07-003,RCP 8.5,2050,0.1875,0.02857134,1
DEMO-07-003,RCP 8.5,2060,0.3,0.03483023,1
DEMO-07-003,RCP 8.5,2070,0.4375,0.04428481,1
DEMO-07-003,RCP 8.5,2080,0.6,0.05861489,1
DEMO-07-003,RCP 8.5,2090,0.7875,0.08050876,1
DEMO-07-003,RCP 8.5,2100,1.0,0.11414427,1
DEMO-07-004,RCP 2.6,2020,0.0,0.20661449,1
DEMO-07-004,RCP 2.6,2030,0.028906,0.21536274,1
DEMO-07-004,RCP 2.6,2040,0.065625,0.22685837,1
DEMO-07-004,RCP 2.6,2050,0.110156,0.24137232,1
DEMO-07-004,RCP 2.6,2060,0.1625,0.2592251,1
DEMO-07-004,RCP 2.6,2070,0.222656,0.28077411,1
DEMO-07-004,RCP 2.6,2080,0.290625,0.30639119,1
DEMO-07-004,RCP 2.6,2090,0.366406,0.33642618,1
DEMO-07-004,RCP 2.6,2100,0.45,0.37115321,1
DEMO-07-004,RCP 4.5,2020,0.0,0.20661449,1
DEMO-07-004,RCP 4.5,2030,0.032031,0.21632442,1
DEMO-07-004,RCP 4.5,2040,0.078125,0.23086931,1
DEMO-07-004,RCP 4.5,2050,0.138281,0.25085939,1
DEMO-07-004,RCP 4.5,2060,0.2125,0.27706025,1
DEMO-07-004,RCP 4.5,2070,0.300781,0.31032945,1
DEMO-07-004,RCP 4.5,2080,0.403125,0.35148913,1
DEMO-07-004,RCP 4.5,2090,0.519531,0.40110759,1
DEMO-07-004,RCP 4.5,2100,0.65,0.45918195,1
DEMO-07-004,RCP 8.5,2020,0.0,0.20661449,1
DEMO-07-004,RCP 8.5,2030,0.0375,0.21801482,1
DEMO-07-004,RCP 8.5,2040,0.1,0.23800717,1
DEMO-07-004,RCP 8.5,2050,0.1875,0.26804867,1
DEMO-07-004,RCP 8.5,2060,0.3,0.31002552,1
DEMO-07-004,RCP 8.5,2070,0.4375,0.36586441,1
DEMO-07-004,RCP 8.5,2080,0.6,0.43670503,1
DEMO-07-004,RCP 8.5,2090,0.7875,0.5215775,1
DEMO-07-004,RCP 8.5,2100,1.0,0.61602906,1
DEMO-07-005,RCP 2.6,2020,0.0,0.00102151,1
DEMO-07-005,RCP 2.6,2030,0.028906,0.00107657,1
DEMO-07-005,RCP 2.6,2040,0.065625,0.00115081,1
DEMO-07-005,RCP 2.6,2050,0.110156,0.00124774,1
DEMO-07-005,RCP 2.6,2060,0.1625,0.00137215,1
DEMO-07-005,RCP 2.6,2070,0.222656,0.00153051,1
DEMO-07-005,RCP 2.6,2080,0.290625,0.00173148,1
DEMO-07-005,RCP 2.6,2090,0.366406,0.00198676,1
DEMO-07-005,RCP 2.6,2100,0.45,0.00231213,1
DEMO-07-005,RCP 4.5,2020,0.0,0.00102151,1
DEMO-07-005,RCP 4.5,2030,0.032031,0.0010827,1
DEMO-07-005,RCP 4.5,2040,0.078125,0.00117723,1
DEMO-07-005,RCP 4.5,2050,0.138281,0.00131312,1
DEMO-07-005,RCP 4.5,2060,0.2125,0.00150255,1
DEMO-07-005,RCP 4.5,2070,0.300781,0.00176369,1
DEMO-07-005,RCP 4.5,2080,0.403125,0.00212364,1
DEMO-07-005,RCP 4.5,2090,0.519531,0.00262289,1
DEMO-07-005,RCP 4.5,2100,0.65,0.00332274,1
DEMO-07-005,RCP 8.5,2020,0.0,0.00102151,1
DEMO-07-005,RCP 8.5,2030,0.0375,0.00109351,1
DEMO-07-005,RCP 8.5,2040,0.1,0.00122494,1
DEMO-07-005,RCP 8.5,2050,0.1875,0.00143587,1
DEMO-07-005,RCP 8.5,2060,0.3,0.00176119,1
DEMO-07-005,RCP 8.5,2070,0.4375,0.00226029,1
DEMO-07-005,RCP 8.5,2080,0.6,0.00303488,1
DEMO-07-005,RCP 8.5,2090,0.7875,0.00426246,1
DEMO-07-005,RCP 8.5,2100,1.0,0.00626014,1
DEMO-07-006,RCP 2.6,2020,0.0,0.09748784,1
DEMO-07-006,RCP 2.6,2030,0.028906,0.10221082,1
DEMO-07-006,RCP 2.6,2040,0.065625,0.10850183,1
DEMO-07-006,RCP 2.6,2050,0.110156,0.11658541,1
DEMO-07-006,RCP 2.6,2060,0.1625,0.12675058,1
DEMO-07-006,RCP 2.6,2070,0.222656,0.13935889,1
DEMO-07-006,RCP 2.6,2080,0.290625,0.15485154,1
DEMO-07-006,RCP 2.6,2090,0.366406,0.17375266,1
DEMO-07-006,RCP 2.6,2100,0.45,0.19666458,1
DEMO-07-006,RCP 4.5,2020,0.0,0.09748784,1
DEMO-07-006,RCP 4.5,2030,0.032031,0.10273339,1
DEMO-07-006,RCP 4.5,2040,0.078125,0.11071986,1
DEMO-07-006,RCP 4.5,2050,0.138281,0.12195625,1
DEMO-07-006,RCP 4.5,2060,0.2125,0.13715884,1
DEMO-07-006,RCP 4.5,2070,0.300781,0.15728365,1
DEMO-07-006,RCP 4.5,2080,0.403125,0.18354679,1
DEMO-07-006,RCP 4.5,2090,0.519531,0.21740518,1
DEMO-07-006,RCP 4.5,2100,0.65,0.26044896,1
DEMO-07-006,RCP 8.5,2020,0.0,0.09748784,1
DEMO-07-006,RCP 8.5,2030,0.0375,0.10365357,1
DEMO-07-006,RCP 8.5,2040,0.1,0.11469697,1
DEMO-07-006,RCP 8.5,2050,0.1875,0.13186765,1
DEMO-07-006,RCP 8.5,2060,0.3,0.15709547,1
DEMO-07-006,RCP 8.5,2070,0.4375,0.19309868,1
DEMO-07-006,RCP 8.5,2080,0.6,0.24332323,1
DEMO-07-006,RCP 8.5,2090,0.7875,0.31138841,1
DEMO-07-006,RCP 8.5,2100,1.0,0.39956625,1
DEMO-07-007,RCP 2.6,2020,0.0,0.07963822,1
DEMO-07-007,RCP 2.6,2030,0.028906,0.08357652,1
DEMO-07-007,RCP 2.6,2040,0.065625,0.08883409,1
DEMO-07-007,RCP 2.6,2050,0.110156,0.09560954,1
DEMO-07-007,RCP 2.6,2060,0.1625,0.10416144,1
DEMO-07-007,RCP 2.6,2070,0.222656,0.11481819,1
DEMO-07-007,RCP 2.6,2080,0.290625,0.12798834,1
DEMO-07-007,RCP 2.6,2090,0.366406,0.14416988,1
DEMO-07-007,RCP 2.6,2100,0.45,0.16395494,1
DEMO-07-007,RCP 4.5,2020,0.0,0.07963822,1
DEMO-07-007,RCP 4.5,2030,0.032031,0.08401273,1
DEMO-07-007,RCP 4.5,2040,0.078125,0.09069096,1
DEMO-07-007,RCP 4.5,2050,0.138281,0.10012358,1
DEMO-07-007,RCP 4.5,2060,0.2125,0.11295471,1
DEMO-07-007,RCP 4.5,2070,0.300781,0.13006347,1
DEMO-07-007,RCP 4.5,2080,0.403125,0.15260447,1
DEMO-07-007,RCP 4.5,2090,0.519531,0.18202757,1
DEMO-07-007,RCP 4.5,2100,0.65,0.22003635,1
DEMO-07-007,RCP 8.5,2020,0.0,0.07963822,1
DEMO-07-007,RCP 8.5,2030,0.0375,0.08478108,1
DEMO-07-007,RCP 8.5,2040,0.1,0.0940247,1
DEMO-07-007,RCP 8.5,2050,0.1875,0.10847985,1
DEMO-07-007,RCP 8.5,2060,0.3,0.12990283,1
DEMO-07-007,RCP 8.5,2070,0.4375,0.16086337,1
DEMO-07-007,RCP 8.5,2080,0.6,0.20483194,1
DEMO-07-007,RCP 8.5,2090,0.7875,0.26591375,1
DEMO-07-007,RCP 8.5,2100,1.0,0.3477167,1
DEMO-07-008,RCP 2.6,2020,0.0,0.16296047,1
DEMO-07-008,RCP 2.6,2030,0.028906,0.17025702,1
DEMO-07-008,RCP 2.6,2040,0.065625,0.179897,1
DEMO-07-008,RCP 2.6,2050,0.110156,0.19215319,1
DEMO-07-008,RCP 2.6,2060,0.1625,0.2073606,1
DEMO-07-008,RCP 2.6,2070,0.222656,0.22591304,1
DEMO-07-008,RCP 2.6,2080,0.290625,0.24825242,1
DEMO-07-008,RCP 2.6,2090,0.366406,0.27484653,1
DEMO-07-008,RCP 2.6,2100,0.45,0.30614975,1
DEMO-07-008,RCP 4.5,2020,0.0,0.16296047,1
DEMO-07-008,RCP 4.5,2030,0.032031,0.17106119,1
DEMO-07-008,RCP 4.5,2040,0.078125,0.18327448,1
DEMO-07-008,RCP 4.5,2050,0.138281,0.20021628,1
DEMO-07-008,RCP 4.5,2060,0.2125,0.22270014,1
DEMO-07-008,RCP 4.5,2070,0.300781,0.25171458,1
DEMO-07-008,RCP 4.5,2080,0.403125,0.28835043,1
DEMO-07-008,RCP 4.5,2090,0.519531,0.33364136,1
DEMO-07-008,RCP 4.5,2100,0.65,0.38828059,1
DEMO-07-008,RCP 8.5,2020,0.0,0.16296047,1
DEMO-07-008,RCP 8.5,2030,0.0375,0.17247574,1
DEMO-07-008,RCP 8.5,2040,0.1,0.189303,1
DEMO-07-008,RCP 8.5,2050,0.1875,0.214931,1
DEMO-07-008,RCP 8.5,2060,0.3,0.25144713,1
DEMO-07-008,RCP 8.5,2070,0.4375,0.30134335,1
DEMO-07-008,RCP 8.5,2080,0.6,0.36691963,1
DEMO-07-008,RCP 8.5,2090,0.7875,0.44904118,1
DEMO-07-008,RCP 8.5,2100,1.0,0.54532974,1
DEMO-07-009,RCP 2.6,2020,0.0,0.22570445,1
DEMO-07-009,RCP 2.6,2030,0.028906,0.23502155,1
DEMO-07-009,RCP 2.6,2040,0.065625,0.24723588,1
DEMO-07-009,RCP 2.6,2050,0.110156,0.26261072,1
DEMO-07-009,RCP 2.6,2060,0.1625,0.28145157,1
DEMO-07-009,RCP 2.6,2070,0.222656,0.30408977,1
DEMO-07-009,RCP 2.6,2080,0.290625,0.33085553,1
DEMO-07-009,RCP 2.6,2090,0.366406,0.36203695,1
DEMO-07-009,RCP 2.6,2100,0.45,0.39782271,1
DEMO-07-009,RCP 4.5,2020,0.0,0.22570445,1
DEMO-07-009,RCP 4.5,2030,0.032031,0.2360446,1
DEMO-07-009,RCP 4.5,2040,0.078125,0.25148991,1
DEMO-07-009,RCP 4.5,2050,0.138281,0.27263256,1
DEMO-07-009,RCP 4.5,2060,0.2125,0.30019622,1
DEMO-07-009,RCP 4.5,2070,0.300781,0.33495639,1
DEMO-07-009,RCP 4.5,2080,0.403125,0.37759408,1
DEMO-07-009,RCP 4.5,2090,0.519531,0.42846296,1
DEMO-07-009,RCP 4.5,2100,0.65,0.48727548,1
DEMO-07-009,RCP 8.5,2020,0.0,0.22570445,1
DEMO-07-009,RCP 8.5,2030,0.0375,0.23784233,1
DEMO-07-009,RCP 8.5,2040,0.1,0.25905057,1
DEMO-07-009,RCP 8.5,2050,0.1875,0.29073476,1
DEMO-07-009,RCP 8.5,2060,0.3,0.33464004,1
DEMO-07-009,RCP 8.5,2070,0.4375,0.39239102,1
DEMO-07-009,RCP 8.5,2080,0.6,0.46460476,1
DEMO-07-009,RCP 8.5,2090,0.7875,0.54960897,1
DEMO-07-009,RCP 8.5,2100,1.0,0.64232153,1
DEMO-07-010,RCP 2.6,2020,0.0,0.47502081,1
DEMO-07-010,RCP 2.6,2030,0.028906,0.48814143,1
DEMO-07-010,RCP 2.6,2040,0.065625,0.5048294,1
DEMO-07-010,RCP 2.6,2050,0.110156,0.52505003,1
DEMO-07-010,RCP 2.6,2060,0.1625,0.54870867,1
DEMO-07-010,RCP 2.6,2070,0.222656,0.57562271,1
DEMO-07-010,RCP 2.6,2080,0.290625,0.60549371,1
DEMO-07-010,RCP 2.6,2090,0.366406,0.63788431,1
DEMO-07-010,RCP 2.6,2100,0.45,0.67220652,1
DEMO-07-010,RCP 4.5,2020,0.0,0.47502081,1
DEMO-07-010,RCP 4.5,2030,0.032031,0.48956118,1
DEMO-07-010,RCP 4.5,2040,0.078125,0.51050982,1
DEMO-07-010,RCP 4.5,2050,0.138281,0.53778295,1
DEMO-07-010,RCP 4.5,2060,0.2125,0.57110566,1
DEMO-07-010,RCP 4.5,2070,0.300781,0.60989598,1
DEMO-07-010,RCP 4.5,2080,0.403125,0.65315909,1
DEMO-07-010,RCP 4.5,2090,0.519531,0.69943362,1
DEMO-07-010,RCP 4.5,2100,0.65,0.7468379,1
DEMO-07-010,RCP 8.5,2020,0.0,0.47502081,1
DEMO-07-010,RCP 8.5,2030,0.0375,0.49204613,1
DEMO-07-010,RCP 8.5,2040,0.1,0.52044314,1
DEMO-07-010,RCP 8.5,2050,0.1875,0.55993767,1
DEMO-07-010,RCP 8.5,2060,0.3,0.60955797,1
DEMO-07-010,RCP 8.5,2070,0.4375,0.66717922,1
DEMO-07-010,RCP 8.5,2080,0.6,0.72926745,1
DEMO-07-010,RCP 8.5,2090,0.7875,0.79114122,1
DEMO-07-010,RCP 8.5,2100,1.0,0.84789449,1
DEMO-07-011,RCP 2.6,2020,0.0,0.04549301,1
DEMO-07-011,RCP 2.6,2030,0.028906,0.0478305,1
DEMO-07-011,RCP 2.6,2040,0.065625,0.05096444,1
DEMO-07-011,RCP 2.6,2050,0.110156,0.05502597,1
DEMO-07-011,RCP 2.6,2060,0.1625,0.06018942,1
DEMO-07-011,RCP 2.6,2070,0.222656,0.06668226,1
DEMO-07-011,RCP 2.6,2080,0.290625,0.07479756,1
DEMO-07-011,RCP 2.6,2090,0.366406,0.08490902,1
DEMO-07-011,RCP 2.6,2100,0.45,0.09748784,1
DEMO-07-011,RCP 4.5,2020,0.0,0.04549301,1
DEMO-07-011,RCP 4.5,2030,0.032031,0.04808993,1
DEMO-07-011,RCP 4.5,2040,0.078125,0.05207497,1
DEMO-07-011,RCP 4.5,2050,0.138281,0.05774627,1
DEMO-07-011,RCP 4.5,2060,0.2125,0.06554217,1
DEMO-07-011,RCP 4.5,2070,0.300781,0.07608553,1
DEMO-07-011,RCP 4.5,2080,0.403125,0.09024215,1
DEMO-07-011,RCP 4.5,2090,0.519531,0.10919074,1
DEMO-07-011,RCP 4.5,2100,0.65,0.13449127,1
DEMO-07-011,RCP 8.5,2020,0.0,0.04549301,1
DEMO-07-011,RCP 8.5,2030,0.0375,0.04854715,1
DEMO-07-011,RCP 8.5,2040,0.1,0.05407363,1
DEMO-07-011,RCP 8.5,2050,0.1875,0.06281262,1
DEMO-07-011,RCP 8.5,2060,0.3,0.07598574,1
DEMO-07-011,RCP 8.5,2070,0.4375,0.09550641,1
DEMO-07-011,RCP 8.5,2080,0.6,0.12425628,1
DEMO-07-011,RCP 8.5,2090,0.7875,0.16633634,1
DEMO-07-011,RCP 8.5,2100,1.0,0.22697798,1
DEMO-07-012,RCP 2.6,2020,0.0,0.01523075,1
DEMO-07-012,RCP 2.6,2030,0.028906,0.01603946,1
DEMO-07-012,RCP 2.6,2040,0.065625,0.01712786,1
DEMO-07-012,RCP 2.6,2050,0.110156,0.01854553,1
DEMO-07-012,RCP 2.6,2060,0.1625,0.02035953,1
DEMO-07-012,RCP 2.6,2070,0.222656,0.02265938,1
DEMO-07-012,RCP 2.6,2080,0.290625,0.0255638,1
DEMO-07-012,RCP 2.6,2090,0.366406,0.02922989,1
DEMO-07-012,RCP 2.6,2100,0.45,0.03386541,1
DEMO-07-012,RCP 4.5,2020,0.0,0.01523075,1
DEMO-07-012,RCP 4.5,2030,0.032031,0.01612937,1
DEMO-07-012,RCP 4.5,2040,0.078125,0.01751469,1
DEMO-07-012,RCP 4.5,2050,0.138281,0.01949957,1
DEMO-07-012,RCP 4.5,2060,0.2125,0.02225402,1
DEMO-07-012,RCP 4.5,2070,0.300781,0.02602784,1
DEMO-07-012,RCP 4.5,2080,0.403125,0.031185,1
DEMO-07-012,RCP 4.5,2090,0.519531,0.0382545,1
DEMO-07-012,RCP 4.5,2100,0.65,0.04800417,1
DEMO-07-012,RCP 8.5,2020,0.0,0.01523075,1
DEMO-07-012,RCP 8.5,2030,0.0375,0.01628793,1
DEMO-07-012,RCP 8.5,2040,0.1,0.01821239,1
DEMO-07-012,RCP 8.5,2050,0.1875,0.02128617,1
DEMO-07-012,RCP 8.5,2060,0.3,0.02599186,1
DEMO-07-012,RCP 8.5,2070,0.4375,0.03312963,1
DEMO-07-012,RCP 8.5,2080,0.6,0.04401626,1
DEMO-07-012,RCP 8.5,2090,0.7875,0.06080948,1
DEMO-07-012,RCP 8.5,2100,1.0,0.08699354,1
DEMO-07-013,RCP 2.6,2020,0.0,0.04759042,1
DEMO-07-013,RCP 2.6,2030,0.028906,0.05003004,1
DEMO-07-013,RCP 2.6,2040,0.065625,0.05330002,1
DEMO-07-013,RCP 2.6,2050,0.110156,0.0575364,1
DEMO-07-013,RCP 2.6,2060,0.1625,0.06291973,1
DEMO-07-013,RCP 2.6,2070,0.222656,0.06968526,1
DEMO-07-013,RCP 2.6,2080,0.290625,0.07813544,1
DEMO-07-013,RCP 2.6,2090,0.366406,0.08865489,1
DEMO-07-013,RCP 2.6,2100,0.45,0.10172695,1
DEMO-07-013,RCP 4.5,2020,0.0,0.04759042,1
DEMO-07-013,RCP 4.5,2030,0.032031,0.05030077,1
DEMO-07-013,RCP 4.5,2040,0.078125,0.05445853,1
DEMO-07-013,RCP 4.5,2050,0.138281,0.06037288,1
DEMO-07-013,RCP 4.5,2060,0.2125,0.0684976,1
DEMO-07-013,RCP 4.5,2070,0.300781,0.07947595,1
DEMO-07-013,RCP 4.5,2080,0.403125,0.09419908,1
DEMO-07-013,RCP 4.5,2090,0.519531,0.11387453,1
DEMO-07-013,RCP 4.5,2100,0.65,0.14008966,1
DEMO-07-013,RCP 8.5,2020,0.0,0.04759042,1
DEMO-07-013,RCP 8.5,2030,0.0375,0.05077789,1
DEMO-07-013,RCP 8.5,2040,0.1,0.05654321,1
DEMO-07-013,RCP 8.5,2050,0.1875,0.06565362,1
DEMO-07-013,RCP 8.5,2060,0.3,0.07937209,1
DEMO-07-013,RCP 8.5,2070,0.4375,0.09966888,1
DEMO-07-013,RCP 8.5,2080,0.6,0.12949237,1
DEMO-07-013,RCP 8.5,2090,0.7875,0.17299537,1
DEMO-07-013,RCP 8.5,2100,1.0,0.23537927,1
DEMO-07-014,RCP 2.6,2020,0.0,0.04858916,1
DEMO-07-014,RCP 2.6,2030,0.028906,0.05107723,1
DEMO-07-014,RCP 2.6,2040,0.065625,0.05441174,1
DEMO-07-014,RCP 2.6,2050,0.110156,0.05873099,1
DEMO-07-014,RCP 2.6,2060,0.1625,0.06421849,1
DEMO-07-014,RCP 2.6,2070,0.222656,0.07111307,1
DEMO-07-014,RCP 2.6,2080,0.290625,0.07972155,1
DEMO-07-014,RCP 2.6,2090,0.366406,0.09043359,1
DEMO-07-014,RCP 2.6,2100,0.45,0.10373806,1
DEMO-07-014,RCP 4.5,2020,0.0,0.04858916,1
DEMO-07-014,RCP 4.5,2030,0.032031,0.05135332,1
DEMO-07-014,RCP 4.5,2040,0.078125,0.055593,1
DEMO-07-014,RCP 4.5,2050,0.138281,0.06162251,1
DEMO-07-014,RCP 4.5,2060,0.2125,0.0699029,1
DEMO-07-014,RCP 4.5,2070,0.300781,0.08108688,1
DEMO-07-014,RCP 4.5,2080,0.403125,0.09607729,1
DEMO-07-014,RCP 4.5,2090,0.519531,0.11609475,1
DEMO-07-014,RCP 4.5,2100,0.65,0.14273868,1
DEMO-07-014,RCP 8.5,2020,0.0,0.04858916,1
DEMO-07-014,RCP 8.5,2030,0.0375,0.05183988,1
DEMO-07-014,RCP 8.5,2040,0.1,0.05771845,1
DEMO-07-014,RCP 8.5,2050,0.1875,0.06700476,1
DEMO-07-014,RCP 8.5,2060,0.3,0.0809811,1
DEMO-07-014,RCP 8.5,2070,0.4375,0.10164391,1
DEMO-07-014,RCP 8.5,2080,0.6,0.13197175,1
DEMO-07-014,RCP 8.5,2090,0.7875,0.17613916,1
DEMO-07-014,RCP 8.5,2100,1.0,0.23932866,1
DEMO-07-015,RCP 2.6,2020,0.0,0.39477777,1
DEMO-07-015,RCP 2.6,2030,0.028906,0.40740199,1
DEMO-07-015,RCP 2.6,2040,0.065625,0.42361409,1
DEMO-07-015,RCP 2.6,2050,0.110156,0.44349524,1
DEMO-07-015,RCP 2.6,2060,0.1625,0.46709309,1
DEMO-07-015,RCP 2.6,2070,0.222656,0.49438944,1
DEMO-07-015,RCP 2.6,2080,0.290625,0.52526256,1
DEMO-07-015,RCP 2.6,2090,0.366406,0.5594476,1
DEMO-07-015,RCP 2.6,2100,0.45,0.59650153,1
DEMO-07-015,RCP 4.5,2020,0.0,0.39477777,1
DEMO-07-015,RCP 4.5,2030,0.032031,0.40877444,1
DEMO-07-015,RCP 4.5,2040,0.078125,0.42917271,1
DEMO-07-015,RCP 4.5,2050,0.138281,0.45614988,1
DEMO-07-015,RCP 4.5,2060,0.2125,0.48977415,1
DEMO-07-015,RCP 4.5,2070,0.300781,0.52986498,1
DEMO-07-015,RCP 4.5,2080,0.403125,0.57583089,1
DEMO-07-015,RCP 4.5,2090,0.519531,0.62652311,1
DEMO-07-015,RCP 4.5,2100,0.65,0.68016832,1
DEMO-07-015,RCP 8.5,2020,0.0,0.39477777,1
DEMO-07-015,RCP 8.5,2030,0.0375,0.41117965,1
DEMO-07-015,RCP 8.5,2040,0.1,0.4389426,1
DEMO-07-015,RCP 8.5,2050,0.1875,0.4784225,1
DEMO-07-015,RCP 8.5,2060,0.3,0.52951111,1
DEMO-07-015,RCP 8.5,2070,0.4375,0.59101957,1
DEMO-07-015,RCP 8.5,2080,0.6,0.66007677,1
DEMO-07-015,RCP 8.5,2090,0.7875,0.73195133,1
DEMO-07-015,RCP 8.5,2100,1.0,0.80073733,1
DEMO-07-016,RCP 2.6,2020,0.0,0.00325716,1
DEMO-07-016,RCP 2.6,2030,0.028906,0.00343232,1
DEMO-07-016,RCP 2.6,2040,0.065625,0.00366842,1
DEMO-07-016,RCP 2.6,2050,0.110156,0.00397657,1
DEMO-07-016,RCP 2.6,2060,0.1625,0.00437188,1
DEMO-07-016,RCP 2.6,2070,0.222656,0.00487472,1
DEMO-07-016,RCP 2.6,2080,0.290625,0.0055124,1
DEMO-07-016,RCP 2.6,2090,0.366406,0.00632159,1
DEMO-07-016,RCP 2.6,2100,0.45,0.00735163,1
DEMO-07-016,RCP 4.5,2020,0.0,0.00325716,1
DEMO-07-016,RCP 4.5,2030,0.032031,0.00345181,1
DEMO-07-016,RCP 4.5,2040,0.078125,0.00375243,1
DEMO-07-016,RCP 4.5,2050,0.138281,0.00418433,1
DEMO-07-016,RCP 4.5,2060,0.2125,0.00478595,1
DEMO-07-016,RCP 4.5,2070,0.300781,0.00561456,1
DEMO-07-016,RCP 4.5,2080,0.403125,0.00675508,1
DEMO-07-016,RCP 4.5,2090,0.519531,0.00833407,1
DEMO-07-016,RCP 4.5,2100,0.65,0.01054171,1
DEMO-07-016,RCP 8.5,2020,0.0,0.00325716,1
DEMO-07-016,RCP 8.5,2030,0.0375,0.00348619,1
DEMO-07-016,RCP 8.5,2040,0.1,0.00390409,1
DEMO-07-016,RCP 8.5,2050,0.1875,0.00457425,1
DEMO-07-016,RCP 8.5,2060,0.3,0.00560664,1
DEMO-07-016,RCP 8.5,2070,0.4375,0.00718762,1
DEMO-07-016,RCP 8.5,2080,0.6,0.00963447,1
DEMO-07-016,RCP 8.5,2090,0.7875,0.01349541,1
DEMO-07-016,RCP 8.5,2100,1.0,0.01973451,1
DEMO-07-017,RCP 2.6,2020,0.0,0.00121608,1
DEMO-07-017,RCP 2.6,2030,0.028906,0.00128161,1
DEMO-07-017,RCP 2.6,2040,0.065625,0.00136998,1
DEMO-07-017,RCP 2.6,2050,0.110156,0.00148534,1
DEMO-07-017,RCP 2.6,2060,0.1625,0.0016334,1
DEMO-07-017,RCP 2.6,2070,0.222656,0.00182185,1
DEMO-07-017,RCP 2.6,2080,0.290625,0.002061,1
DEMO-07-017,RCP 2.6,2090,0.366406,0.00236475,1
DEMO-07-017,RCP 2.6,2100,0.45,0.00275185,1
DEMO-07-017,RCP 4.5,2020,0.0,0.00121608,1
DEMO-07-017,RCP 4.5,2030,0.032031,0.00128891,1
DEMO-07-017,RCP 4.5,2040,0.078125,0.00140142,1
DEMO-07-017,RCP 4.5,2050,0.138281,0.00156315,1
DEMO-07-017,RCP 4.5,2060,0.2125,0.00178858,1
DEMO-07-017,RCP 4.5,2070,0.300781,0.00209933,1
DEMO-07-017,RCP 4.5,2080,0.403125,0.0025276,1
DEMO-07-017,RCP 4.5,2090,0.519531,0.00312153,1
DEMO-07-017,RCP 4.5,2100,0.65,0.0039539,1
DEMO-07-017,RCP 8.5,2020,0.0,0.00121608,1
DEMO-07-017,RCP 8.5,2030,0.0375,0.00130177,1
DEMO-07-017,RCP 8.5,2040,0.1,0.0014582,1
DEMO-07-017,RCP 8.5,2050,0.1875,0.00170923,1
DEMO-07-017,RCP 8.5,2060,0.3,0.00209636,1
DEMO-07-017,RCP 8.5,2070,0.4375,0.00269018,1
DEMO-07-017,RCP 8.5,2080,0.6,0.00361155,1
DEMO-07-017,RCP 8.5,2090,0.7875,0.00507121,1
DEMO-07-017,RCP 8.5,2100,1.0,0.00744509,1
DEMO-07-018,RCP 2.6,2020,0.0,0.05861489,1
DEMO-07-018,RCP 2.6,2030,0.028906,0.0615831,1
DEMO-07-018,RCP 2.6,2040,0.065625,0.06555609,1
DEMO-07-018,RCP 2.6,2050,0.110156,0.07069386,1
DEMO-07-018,RCP 2.6,2060,0.1625,0.07720741,1
DEMO-07-018,RCP 2.6,2070,0.222656,0.08536928,1
DEMO-07-018,RCP 2.6,2080,0.290625,0.09552605,1
DEMO-07-018,RCP 2.6,2090,0.366406,0.10811223,1
DEMO-07-018,RCP 2.6,2100,0.45,0.12366395,1
DEMO-07-018,RCP 4.5,2020,0.0,0.05861489,1
DEMO-07-018,RCP 4.5,2030,0.032031,0.06191228,1
DEMO-07-018,RCP 4.5,2040,0.078125,0.06696215,1
DEMO-07-018,RCP 4.5,2050,0.138281,0.07412796,1
DEMO-07-018,RCP 4.5,2060,0.2125,0.08393843,1
DEMO-07-018,RCP 4.5,2070,0.300781,0.09713348,1
DEMO-07-018,RCP 4.5,2080,0.403125,0.11472005,1
DEMO-07-018,RCP 4.5,2090,0.519531,0.13802858,1
DEMO-07-018,RCP 4.5,2100,0.65,0.16874534,1
DEMO-07-018,RCP 8.5,2020,0.0,0.05861489,1
DEMO-07-018,RCP 8.5,2030,0.0375,0.06249229,1
DEMO-07-018,RCP 8.5,2040,0.1,0.06949029,1
DEMO-07-018,RCP 8.5,2050,0.1875,0.08050876,1
DEMO-07-018,RCP 8.5,2060,0.3,0.09700898,1
DEMO-07-018,RCP 8.5,2070,0.4375,0.12122196,1
DEMO-07-018,RCP 8.5,2080,0.6,0.15637455,1
DEMO-07-018,RCP 8.5,2090,0.7875,0.20676355,1
DEMO-07-018,RCP 8.5,2100,1.0,0.27724237,1
DEMO-07-019,RCP 2.6,2020,0.0,0.0310138,1
DEMO-07-019,RCP 2.6,2030,0.028906,0.03263276,1
DEMO-07-019,RCP 2.6,2040,0.065625,0.03480732,1
DEMO-07-019,RCP 2.6,2050,0.110156,0.03763229,1
DEMO-07-019,RCP 2.6,2060,0.1625,0.0412348,1
DEMO-07-019,RCP 2.6,2070,0.222656,0.04578255,1
DEMO-07-019,RCP 2.6,2080,0.290625,0.05149467,1
DEMO-07-019,RCP 2.6,2090,0.366406,0.05865566,1
DEMO-07-019,RCP 2.6,2100,0.45,0.06763263,1
DEMO-07-019,RCP 4.5,2020,0.0,0.0310138,1
DEMO-07-019,RCP 4.5,2030,0.032031,0.0328126,1
DEMO-07-019,RCP 4.5,2040,0.078125,0.03557899,1
DEMO-07-019,RCP 4.5,2050,0.138281,0.03952868,1
DEMO-07-019,RCP 4.5,2060,0.2125,0.04498257,1
DEMO-07-019,RCP 4.5,2070,0.300781,0.05240411,1
DEMO-07-019,RCP 4.5,2080,0.403125,0.06245235,1
DEMO-07-019,RCP 4.5,2090,0.519531,0.07605359,1
DEMO-07-019,RCP 4.5,2100,0.65,0.09449037,1
DEMO-07-019,RCP 8.5,2020,0.0,0.0310138,1
DEMO-07-019,RCP 8.5,2030,0.0375,0.03312963,1
DEMO-07-019,RCP 8.5,2040,0.1,0.03696921,1
DEMO-07-019,RCP 8.5,2050,0.1875,0.04306977,1
DEMO-07-019,RCP 8.5,2060,0.3,0.05233361,1
DEMO-07-019,RCP 8.5,2070,0.4375,0.06621349,1
DEMO-07-019,RCP 8.5,2080,0.6,0.08699354,1
DEMO-07-019,RCP 8.5,2090,0.7875,0.11815698,1
DEMO-07-019,RCP 8.5,2100,1.0,0.16470398,1
DEMO-07-020,RCP 2.6,2020,0.0,0.12908302,1
DEMO-07-020,RCP 2.6,2030,0.028906,0.13510754,1
DEMO-07-020,RCP 2.6,2040,0.065625,0.14310059,1
DEMO-07-020,RCP 2.6,2050,0.110156,0.15331854,1
DEMO-07-020,RCP 2.6,2060,0.1625,0.16608436,1
DEMO-07-020,RCP 2.6,2070,0.222656,0.18179082,1
DEMO-07-020,RCP 2.6,2080,0.290625,0.20089952,1
DEMO-07-020,RCP 2.6,2090,0.366406,0.223932,1
DEMO-07-020,RCP 2.6,2100,0.45,0.25144713,1
DEMO-07-020,RCP 4.5,2020,0.0,0.12908302,1
DEMO-07-020,RCP 4.5,2030,0.032031,0.13577286,1
DEMO-07-020,RCP 4.5,2040,0.078125,0.14591014,1
DEMO-07-020,RCP 4.5,2050,0.138281,0.16007496,1
DEMO-07-020,RCP 4.5,2060,0.2125,0.17906027,1
DEMO-07-020,RCP 4.5,2070,0.300781,0.2038804,1
DEMO-07-020,RCP 4.5,2080,0.403125,0.2357476,1
DEMO-07-020,RCP 4.5,2090,0.519531,0.2759804,1
DEMO-07-020,RCP 4.5,2100,0.65,0.32579349,1
DEMO-07-020,RCP 8.5,2020,0.0,0.12908302,1
DEMO-07-020,RCP 8.5,2030,0.0375,0.13694381,1
DEMO-07-020,RCP 8.5,2040,0.1,0.15093676,1
DEMO-07-020,RCP 8.5,2050,0.1875,0.17247574,1
DEMO-07-020,RCP 8.5,2060,0.3,0.20364993,1
DEMO-07-020,RCP 8.5,2070,0.4375,0.24719358,1
DEMO-07-020,RCP 8.5,2080,0.6,0.30614975,1
DEMO-07-020,RCP 8.5,2090,0.7875,0.38289634,1
DEMO-07-020,RCP 8.5,2100,1.0,0.47728837,1
DEMO-07-021,RCP 2.6,2020,0.0,0.00243259,1
DEMO-07-021,RCP 2.6,2030,0.028906,0.00256352,1
DEMO-07-021,RCP 2.6,2040,0.065625,0.00274002,1
DEMO-07-021,RCP 2.6,2050,0.110156,0.00297041,1
DEMO-07-021,RCP 2.6,2060,0.1625,0.00326603,1
DEMO-07-021,RCP 2.6,2070,0.222656,0.00364214,1
DEMO-07-021,RCP 2.6,2080,0.290625,0.00411926,1
DEMO-07-021,RCP 2.6,2090,0.366406,0.00472491,1
DEMO-07-021,RCP 2.6,2100,0.45,0.00549623,1
DEMO-07-021,RCP 4.5,2020,0.0,0.00243259,1
DEMO-07-021,RCP 4.5,2030,0.032031,0.00257809,1
DEMO-07-021,RCP 4.5,2040,0.078125,0.00280283,1
DEMO-07-021,RCP 4.5,2050,0.138281,0.00312577,1
DEMO-07-021,RCP 4.5,2060,0.2125,0.00357574,1
DEMO-07-021,RCP 4.5,2070,0.300781,0.00419571,1
DEMO-07-021,RCP 4.5,2080,0.403125,0.00504947,1
DEMO-07-021,RCP 4.5,2090,0.519531,0.00623228,1
DEMO-07-021,RCP 4.5,2100,0.65,0.00788759,1
DEMO-07-021,RCP 8.5,2020,0.0,0.00243259,1
DEMO-07-021,RCP 8.5,2030,0.0375,0.00260379,1
DEMO-07-021,RCP 8.5,2040,0.1,0.00291622,1
DEMO-07-021,RCP 8.5,2050,0.1875,0.00341739,1
DEMO-07-021,RCP 8.5,2060,0.3,0.00418978,1
DEMO-07-021,RCP 8.5,2070,0.4375,0.00537339,1
DEMO-07-021,RCP 8.5,2080,0.6,0.00720711,1
DEMO-07-021,RCP 8.5,2090,0.7875,0.01010523,1
DEMO-07-021,RCP 8.5,2100,1.0,0.01480052,1
DEMO-07-022,RCP 2.6,2020,0.0,0.00084413,1
DEMO-07-022,RCP 2.6,2030,0.028906,0.00088964,1
DEMO-07-022,RCP 2.6,2040,0.065625,0.000951,1
DEMO-07-022,RCP 2.6,2050,0.110156,0.00103112,1
DEMO-07-022,RCP 2.6,2060,0.1625,0.00113396,1
DEMO-07-022,RCP 2.6,2070,0.222656,0.00126485,1
DEMO-07-022,RCP 2.6,2080,0.290625,0.00143099,1
DEMO-07-022,RCP 2.6,2090,0.366406,0.00164204,1
DEMO-07-022,RCP 2.6,2100,0.45,0.00191106,1
DEMO-07-022,RCP 4.5,2020,0.0,0.00084413,1
DEMO-07-022,RCP 4.5,2030,0.032031,0.0008947,1
DEMO-07-022,RCP 4.5,2040,0.078125,0.00097284,1
DEMO-07-022,RCP 4.5,2050,0.138281,0.00108516,1
DEMO-07-022,RCP 4.5,2060,0.2125,0.00124174,1
DEMO-07-022,RCP 4.5,2070,0.300781,0.00145762,1
DEMO-07-022,RCP 4.5,2080,0.403125,0.00175521,1
DEMO-07-022,RCP 4.5,2090,0.519531,0.00216804,1
DEMO-07-022,RCP 4.5,2100,0.65,0.00274686,1
DEMO-07-022,RCP 8.5,2020,0.0,0.00084413,1
DEMO-07-022,RCP 8.5,2030,0.0375,0.00090363,1
DEMO-07-022,RCP 8.5,2040,0.1,0.00101227,1
DEMO-07-022,RCP 8.5,2050,0.1875,0.00118663,1
DEMO-07-022,RCP 8.5,2060,0.3,0.00145556,1
DEMO-07-022,RCP 8.5,2070,0.4375,0.0018682,1
DEMO-07-022,RCP 8.5,2080,0.6,0.00250876,1
DEMO-07-022,RCP 8.5,2090,0.7875,0.00352429,1
DEMO-07-022,RCP 8.5,2100,1.0,0.00517781,1
DEMO-07-023,RCP 2.6,2020,0.0,0.29848021,1
DEMO-07-023,RCP 2.6,2030,0.028906,0.30960029,1
DEMO-07-023,RCP 2.6,2040,0.065625,0.32404869,1
DEMO-07-023,RCP 2.6,2050,0.110156,0.34202989,1
DEMO-07-023,RCP 2.6,2060,0.1625,0.36375783,1
DEMO-07-023,RCP 2.6,2070,0.222656,0.38942831,1
DEMO-07-023,RCP 2.6,2080,0.290625,0.419181,1
DEMO-07-023,RCP 2.6,2090,0.366406,0.45305065,1
DEMO-07-023,RCP 2.6,2100,0.45,0.49091009,1
DEMO-07-023,RCP 4.5,2020,0.0,0.29848021,1
DEMO-07-023,RCP 4.5,2030,0.032031,0.31081608,1
DEMO-07-023,RCP 4.5,2040,0.078125,0.32904667,1
DEMO-07-023,RCP 4.5,2050,0.138281,0.35362907,1
DEMO-07-023,RCP 4.5,2060,0.2125,0.38504667,1
DEMO-07-023,RCP 4.5,2070,0.300781,0.42368346,1
DEMO-07-023,RCP 4.5,2080,0.403125,0.46963967,1
DEMO-07-023,RCP 4.5,2090,0.519531,0.522499,1
DEMO-07-023,RCP 4.5,2100,0.65,0.58109564,1
DEMO-07-023,RCP 8.5,2020,0.0,0.29848021,1
DEMO-07-023,RCP 8.5,2030,0.0375,0.31295,1
DEMO-07-023,RCP 8.5,2040,0.1,0.33788643,1
DEMO-07-023,RCP 8.5,2050,0.1875,0.37434146,1
DEMO-07-023,RCP 8.5,2060,0.3,0.42333665,1
DEMO-07-023,RCP 8.5,2070,0.4375,0.48523157,1
DEMO-07-023,RCP 8.5,2080,0.6,0.55881733,1
DEMO-07-023,RCP 8.5,2090,0.7875,0.64043962,1
DEMO-07-023,RCP 8.5,2100,1.0,0.72384927,1
DEMO-07-024,RCP 2.6,2020,0.0,0.04228977,1
DEMO-07-024,RCP 2.6,2030,0.028906,0.04447035,1
DEMO-07-024,RCP 2.6,2040,0.065625,0.04739508,1
DEMO-07-024,RCP 2.6,2050,0.110156,0.0511875,1
DEMO-07-024,RCP 2.6,2060,0.1625,0.05601211,1
DEMO-07-024,RCP 2.6,2070,0.222656,0.06208409,1
DEMO-07-024,RCP 2.6,2080,0.290625,0.06968158,1
DEMO-07-024,RCP 2.6,2090,0.366406,0.07916061,1
DEMO-07-024,RCP 2.6,2100,0.45,0.09097249,1
DEMO-07-024,RCP 4.5,2020,0.0,0.04228977,1
DEMO-07-024,RCP 4.5,2030,0.032031,0.04471241,1
DEMO-07-024,RCP 4.5,2040,0.078125,0.04843181,1
DEMO-07-024,RCP 4.5,2050,0.138281,0.05372883,1
DEMO-07-024,RCP 4.5,2060,0.2125,0.06101749,1
DEMO-07-024,RCP 4.5,2070,0.300781,0.07088821,1
DEMO-07-024,RCP 4.5,2080,0.403125,0.08416589,1
DEMO-07-024,RCP 4.5,2090,0.519531,0.10198164,1
DEMO-07-024,RCP 4.5,2100,0.65,0.12584774,1
DEMO-07-024,RCP 8.5,2020,0.0,0.04228977,1
DEMO-07-024,RCP 8.5,2030,0.0375,0.04513904,1
DEMO-07-024,RCP 8.5,2040,0.1,0.05029805,1
DEMO-07-024,RCP 8.5,2050,0.1875,0.05846458,1
DEMO-07-024,RCP 8.5,2060,0.3,0.07079471,1
DEMO-07-024,RCP 8.5,2070,0.4375,0.08911042,1
DEMO-07-024,RCP 8.5,2080,0.6,0.11618224,1
DEMO-07-024,RCP 8.5,2090,0.7875,0.1560151,1
DEMO-07-024,RCP 8.5,2100,1.0,0.21385918,1
DEMO-08-001,RCP 2.6,2020,0.0,0.41713506,1
DEMO-08-001,RCP 2.6,2030,0.028906,0.4299663,1
DEMO-08-001,RCP 2.6,2040,0.065625,0.44639993,1
DEMO-08-001,RCP 2.6,2050,0.110156,0.46648499,1
DEMO-08-001,RCP 2.6,2060,0.1625,0.49022852,1
DEMO-08-001,RCP 2.6,2070,0.222656,0.51756379,1
DEMO-08-001,RCP 2.6,2080,0.290625,0.54831469,1
DEMO-08-001,RCP 2.6,2090,0.366406,0.58216024,1
DEMO-08-001,RCP 2.6,2100,0.45,0.61860618,1
DEMO-08-001,RCP 4.5,2020,0.0,0.41713506,1
DEMO-08-001,RCP 4.5,2030,0.032031,0.43135944,1
DEMO-08-001,RCP 4.5,2040,0.078125,0.45202306,1
DEMO-08-001,RCP 4.5,2050,0.138281,0.47923071,1
DEMO-08-001,RCP 4.5,2060,0.2125,0.51295165,1
DEMO-08-001,RCP 4.5,2070,0.300781,0.55288385,1
DEMO-08-001,RCP 4.5,2080,0.403125,0.59830537,1
DEMO-08-001,RCP 4.5,2090,0.519531,0.64795376,1
DEMO-08-001,RCP 4.5,2100,0.65,0.69999472,1
DEMO-08-001,RCP 8.5,2020,0.0,0.41713506,1
DEMO-08-001,RCP 8.5,2030,0.0375,0.43380003,1
DEMO-08-001,RCP 8.5,2040,0.1,0.46189223,1
DEMO-08-001,RCP 8.5,2050,0.1875,0.5015909,1
DEMO-08-001,RCP 8.5,2060,0.3,0.55253268,1
DEMO-08-001,RCP 8.5,2070,0.4375,0.61322982,1
DEMO-08-001,RCP 8.5,2080,0.6,0.68056372,1
DEMO-08-001,RCP 8.5,2090,0.7875,0.74974875,1
DEMO-08-001,RCP 8.5,2100,1.0,0.8151212,1
DEMO-08-002,RCP 2.6,2020,0.0,0.1379137,1
DEMO-08-002,RCP 2.6,2030,0.028906,0.14428209,1
DEMO-08-002,RCP 2.6,2040,0.065625,0.15272206,1
DEMO-08-002,RCP 2.6,2050,0.110156,0.16349594,1
DEMO-08-002,RCP 2.6,2060,0.1625,0.17693209,1
DEMO-08-002,RCP 2.6,2070,0.222656,0.19342645,1
DEMO-08-002,RCP 2.6,2080,0.290625,0.21343917,1
DEMO-08-002,RCP 2.6,2090,0.366406,0.23748203,1
DEMO-08-002,RCP 2.6,2100,0.45,0.26609124,1
DEMO-08-002,RCP 4.5,2020,0.0,0.1379137,1
DEMO-08-002,RCP 4.5,2030,0.032031,0.14498501,1
DEMO-08-002,RCP 4.5,2040,0.078125,0.1556862,1
DEMO-08-002,RCP 4.5,2050,0.138281,0.17061048,1
DEMO-08-002,RCP 4.5,2060,0.2125,0.19056184,1
DEMO-08-002,RCP 4.5,2070,0.300781,0.21655568,1
DEMO-08-002,RCP 4.5,2080,0.403125,0.24978248,1
DEMO-08-002,RCP 4.5,2090,0.519531,0.29149691,1
DEMO-08-002,RCP 4.5,2100,0.65,0.34278471,1
DEMO-08-002,RCP 8.5,2020,0.0,0.1379137,1
DEMO-08-002,RCP 8.5,2030,0.0375,0.14622197,1
DEMO-08-002,RCP 8.5,2040,0.1,0.16098612,1
DEMO-08-002,RCP 8.5,2050,0.1875,0.18364899,1
DEMO-08-002,RCP 8.5,2060,0.3,0.21631479,1
DEMO-08-002,RCP 8.5,2070,0.4375,0.26167657,1
DEMO-08-002,RCP 8.5,2080,0.6,0.32260669,1
DEMO-08-002,RCP 8.5,2090,0.7875,0.40109394,1
DEMO-08-002,RCP 8.5,2100,1.0,0.4963637,1
DEMO-08-003,RCP 2.6,2020,0.0,0.00763557,1
DEMO-08-003,RCP 2.6,2030,0.028906,0.00804429,1
DEMO-08-003,RCP 2.6,2040,0.065625,0.0085949,1
DEMO-08-003,RCP 2.6,2050,0.110156,0.00931299,1
DEMO-08-003,RCP 2.6,2060,0.1625,0.01023334,1
DEMO-08-003,RCP 2.6,2070,0.222656,0.01140263,1
DEMO-08-003,RCP 2.6,2080,0.290625,0.01288321,1
DEMO-08-003,RCP 2.6,2090,0.366406,0.01475833,1
DEMO-08-003,RCP 2.6,2100,0.45,0.01713934,1
DEMO-08-003,RCP 4.5,2020,0.0,0.00763557,1
DEMO-08-003,RCP 4.5,2030,0.032031,0.00808976,1
DEMO-08-003,RCP 4.5,2040,0.078125,0.00879074,1
DEMO-08-003,RCP 4.5,2050,0.138281,0.00979682,1
DEMO-08-003,RCP 4.5,2060,0.2125,0.01119634,1
DEMO-08-003,RCP 4.5,2070,0.300781,0.01312017,1
DEMO-08-003,RCP 4.5,2080,0.403125,0.01576119,1
DEMO-08-003,RCP 4.5,2090,0.519531,0.01940421,1
DEMO-08-003,RCP 4.5,2100,0.65,0.02447187,1
DEMO-08-003,RCP 8.5,2020,0.0,0.00763557,1
DEMO-08-003,RCP 8.5,2030,0.0375,0.00816993,1
DEMO-08-003,RCP 8.5,2040,0.1,0.00914415,1
DEMO-08-003,RCP 8.5,2050,0.1875,0.01070413,1
DEMO-08-003,RCP 8.5,2060,0.3,0.01310179,1
DEMO-08-003,RCP 8.5,2070,0.4375,0.01676066,1
DEMO-08-003,RCP 8.5,2080,0.6,0.02239291,1
DEMO-08-003,RCP 8.5,2090,0.7875,0.03120561,1
DEMO-08-003,RCP 8.5,2100,1.0,0.04525674,1
DEMO-08-004,RCP 2.6,2020,0.0,0.04148712,1
DEMO-08-004,RCP 2.6,2030,0.028906,0.04362819,1
DEMO-08-004,RCP 2.6,2040,0.065625,0.04650023,1
DEMO-08-004,RCP 2.6,2050,0.110156,0.05022482,1
DEMO-08-004,RCP 2.6,2060,0.1625,0.05496396,1
DEMO-08-004,RCP 2.6,2070,0.222656,0.06092965,1
DEMO-08-004,RCP 2.6,2080,0.290625,0.06839616,1
DEMO-08-004,RCP 2.6,2090,0.366406,0.07771494,1
DEMO-08-004,RCP 2.6,2100,0.45,0.08933204,1
DEMO-08-004,RCP 4.5,2020,0.0,0.04148712,1
DEMO-08-004,RCP 4.5,2030,0.032031,0.04386588,1
DEMO-08-004,RCP 4.5,2040,0.078125,0.04751837,1
DEMO-08-004,RCP 4.5,2050,0.138281,0.05272101,1
DEMO-08-004,RCP 4.5,2060,0.2125,0.05988161,1
DEMO-08-004,RCP 4.5,2070,0.300781,0.0695822,1
DEMO-08-004,RCP 4.5,2080,0.403125,0.08263702,1
DEMO-08-004,RCP 4.5,2090,0.519531,0.10016454,1
DEMO-08-004,RCP 4.5,2100,0.65,0.12366395,1
DEMO-08-004,RCP 8.5,2020,0.0,0.04148712,1
DEMO-08-004,RCP 8.5,2030,0.0375,0.04428481,1
DEMO-08-004,RCP 8.5,2040,0.1,0.04935124,1
DEMO-08-004,RCP 8.5,2050,0.1875,0.05737332,1
DEMO-08-004,RCP 8.5,2060,0.3,0.06949029,1
DEMO-08-004,RCP 8.5,2070,0.4375,0.08750031,1
DEMO-08-004,RCP 8.5,2080,0.6,0.11414427,1
DEMO-08-004,RCP 8.5,2090,0.7875,0.15339969,1
DEMO-08-004,RCP 8.5,2100,1.0,0.21051595,1
DEMO-08-005,RCP 2.6,2020,0.0,0.15589543,1
DEMO-08-005,RCP 2.6,2030,0.028906,0.16293722,1
DEMO-08-005,RCP 2.6,2040,0.065625,0.17224879,1
DEMO-08-005,RCP 2.6,2050,0.110156,0.18410089,1
DEMO-08-005,RCP 2.6,2060,0.1625,0.19882787,1
DEMO-08-005,RCP 2.6,2070,0.222656,0.21682572,1
DEMO-08-005,RCP 2.6,2080,0.290625,0.23854342,1
DEMO-08-005,RCP 2.6,2090,0.366406,0.26446334,1
DEMO-08-005,RCP 2.6,2100,0.45,0.29506517,1
DEMO-08-005,RCP 4.5,2020,0.0,0.15589543,1
DEMO-08-005,RCP 4.5,2030,0.032031,0.16371364,1
DEMO-08-005,RCP 4.5,2040,0.078125,0.17551341,1
DEMO-08-005,RCP 4.5,2050,0.138281,0.19190635,1
DEMO-08-005,RCP 4.5,2060,0.2125,0.21370638,1
DEMO-08-005,RCP 4.5,2070,0.300781,0.24191375,1
DEMO-08-005,RCP 4.5,2080,0.403125,0.27765243,1
DEMO-08-005,RCP 4.5,2090,0.519531,0.32202338,1
DEMO-08-005,RCP 4.5,2100,0.65,0.37583308,1
DEMO-08-005,RCP 8.5,2020,0.0,0.15589543,1
DEMO-08-005,RCP 8.5,2030,0.0375,0.16507953,1
DEMO-08-005,RCP 8.5,2040,0.1,0.18134333,1
DEMO-08-005,RCP 8.5,2050,0.1875,0.20616778,1
DEMO-08-005,RCP 8.5,2060,0.3,0.24165335,1
DEMO-08-005,RCP 8.5,2070,0.4375,0.29035998,1
DEMO-08-005,RCP 8.5,2080,0.6,0.35475978,1
DEMO-08-005,RCP 8.5,2090,0.7875,0.43603425,1
DEMO-08-005,RCP 8.5,2100,1.0,0.53222798,1
DEMO-08-006,RCP 2.6,2020,0.0,0.59167863,1
DEMO-08-006,RCP 2.6,2030,0.028906,0.60431231,1
DEMO-08-006,RCP 2.6,2040,0.065625,0.62015997,1
DEMO-08-006,RCP 2.6,2050,0.110156,0.63903845,1
DEMO-08-006,RCP 2.6,2060,0.1625,0.66068844,1
DEMO-08-006,RCP 2.6,2070,0.222656,0.68476097,1
DEMO-08-006,RCP 2.6,2080,0.290625,0.71080937,1
DEMO-08-006,RCP 2.6,2090,0.366406,0.7382905,1
DEMO-08-006,RCP 2.6,2100,0.45,0.76657843,1
DEMO-08-006,RCP 4.5,2020,0.0,0.59167863,1
DEMO-08-006,RCP 4.5,2030,0.032031,0.60567014,1
DEMO-08-006,RCP 4.5,2040,0.078125,0.62549883,1
DEMO-08-006,RCP 4.5,2050,0.138281,0.65074818,1
DEMO-08-006,RCP 4.5,2060,0.2125,0.68076132,1
DEMO-08-006,RCP 4.5,2070,0.300781,0.71459038,1
DEMO-08-006,RCP 4.5,2080,0.403125,0.75098333,1
DEMO-08-006,RCP 4.5,2090,0.519531,0.78843395,1
DEMO-08-006,RCP 4.5,2100,0.65,0.82530729,1
DEMO-08-006,RCP 8.5,2020,0.0,0.59167863,1
DEMO-08-006,RCP 8.5,2030,0.0375,0.60804239,1
DEMO-08-006,RCP 8.5,2040,0.1,0.63476811,1
DEMO-08-006,RCP 8.5,2050,0.1875,0.67080279,1
DEMO-08-006,RCP 8.5,2060,0.3,0.71430059,1
DEMO-08-006,RCP 8.5,2070,0.4375,0.7624871,1
DEMO-08-006,RCP 8.5,2080,0.6,0.8118106,1
DEMO-08-006,RCP 8.5,2090,0.7875,0.8584806,1
DEMO-08-006,RCP 8.5,2100,1.0,0.89926558,1
DEMO-08-007,RCP 2.6,2020,0.0,0.06117393,1
DEMO-08-007,RCP 2.6,2030,0.028906,0.06426289,1
DEMO-08-007,RCP 2.6,2040,0.065625,0.06839616,1
DEMO-08-007,RCP 2.6,2050,0.110156,0.07373895,1
DEMO-08-007,RCP 2.6,2060,0.1625,0.08050876,1
DEMO-08-007,RCP 2.6,2070,0.222656,0.08898597,1
DEMO-08-007,RCP 2.6,2080,0.290625,0.09952621,1
DEMO-08-007,RCP 2.6,2090,0.366406,0.11257384,1
DEMO-08-007,RCP 2.6,2100,0.45,0.12867477,1
DEMO-08-007,RCP 4.5,2020,0.0,0.06117393,1
DEMO-08-007,RCP 4.5,2030,0.032031,0.0646054,1
DEMO-08-007,RCP 4.5,2040,0.078125,0.06985859,1
DEMO-08-007,RCP 4.5,2050,0.138281,0.07730867,1
DEMO-08-007,RCP 4.5,2060,0.2125,0.08750031,1
DEMO-08-007,RCP 4.5,2070,0.300781,0.10119342,1
DEMO-08-007,RCP 4.5,2080,0.403125,0.11941785,1
DEMO-08-007,RCP 4.5,2090,0.519531,0.14352612,1
DEMO-08-007,RCP 4.5,2100,0.65,0.17521761,1
DEMO-08-007,RCP 8.5,2020,0.0,0.06117393,1
DEMO-08-007,RCP 8.5,2030,0.0375,0.06520889,1
DEMO-08-007,RCP 8.5,2040,0.1,0.07248758,1
DEMO-08-007,RCP 8.5,2050,0.1875,0.08393843,1
DEMO-08-007,RCP 8.5,2060,0.3,0.1010643,1
DEMO-08-007,RCP 8.5,2070,0.4375,0.12614807,1
DEMO-08-007,RCP 8.5,2080,0.6,0.16246506,1
DEMO-08-007,RCP 8.5,2090,0.7875,0.21431806,1
DEMO-08-007,RCP 8.5,2100,1.0,0.28644208,1
DEMO-08-008,RCP 2.6,2020,0.0,0.03658277,1
DEMO-08-008,RCP 2.6,2030,0.028906,0.03848091,1
DEMO-08-008,RCP 2.6,2040,0.065625,0.04102864,1
DEMO-08-008,RCP 2.6,2050,0.110156,0.04433534,1
DEMO-08-008,RCP 2.6,2060,0.1625,0.04854715,1
DEMO-08-008,RCP 2.6,2070,0.222656,0.05385607,1
DEMO-08-008,RCP 2.6,2080,0.290625,0.06051162,1
DEMO-08-008,RCP 2.6,2090,0.366406,0.06883553,1
DEMO-08-008,RCP 2.6,2100,0.45,0.07923934,1
DEMO-08-008,RCP 4.5,2020,0.0,0.03658277,1
DEMO-08-008,RCP 4.5,2030,0.032031,0.03869169,1
DEMO-08-008,RCP 4.5,2040,0.078125,0.04193224,1
DEMO-08-008,RCP 4.5,2050,0.138281,0.04655317,1
DEMO-08-008,RCP 4.5,2060,0.2125,0.05292285,1
DEMO-08-008,RCP 4.5,2070,0.300781,0.06156997,1
DEMO-08-008,RCP 4.5,2080,0.403125,0.07323989,1
DEMO-08-008,RCP 4.5,2090,0.519531,0.08896755,1
DEMO-08-008,RCP 4.5,2100,0.65,0.11016166,1
DEMO-08-008,RCP 8.5,2020,0.0,0.03658277,1
DEMO-08-008,RCP 8.5,2030,0.0375,0.03906322,1
DEMO-08-008,RCP 8.5,2040,0.1,0.04355949,1
DEMO-08-008,RCP 8.5,2050,0.1875,0.05069032,1
DEMO-08-008,RCP 8.5,2060,0.3,0.06148795,1
DEMO-08-008,RCP 8.5,2070,0.4375,0.07759692,1
DEMO-08-008,RCP 8.5,2080,0.6,0.10156093,1
DEMO-08-008,RCP 8.5,2090,0.7875,0.13715884,1
DEMO-08-008,RCP 8.5,2100,1.0,0.18958219,1
DEMO-08-009,RCP 2.6,2020,0.0,0.18846733,1
DEMO-08-009,RCP 2.6,2030,0.028906,0.19663765,1
DEMO-08-009,RCP 2.6,2040,0.065625,0.20739796,1
DEMO-08-009,RCP 2.6,2050,0.110156,0.2210228,1
DEMO-08-009,RCP 2.6,2060,0.1625,0.23784233,1
DEMO-08-009,RCP 2.6,2070,0.222656,0.25823347,1
DEMO-08-009,RCP 2.6,2080,0.290625,0.28260207,1
DEMO-08-009,RCP 2.6,2090,0.366406,0.31135186,1
DEMO-08-009,RCP 2.6,2100,0.45,0.34483565,1
DEMO-08-009,RCP 4.5,2020,0.0,0.18846733,1
DEMO-08-009,RCP 4.5,2030,0.032031,0.19753676,1
DEMO-08-009,RCP 4.5,2040,0.078125,0.21115881,1
DEMO-08-009,RCP 4.5,2050,0.138281,0.22995248,1
DEMO-08-009,RCP 4.5,2060,0.2125,0.25471216,1
DEMO-08-009,RCP 4.5,2070,0.300781,0.28636079,1
DEMO-08-009,RCP 4.5,2080,0.403125,0.32584342,1
DEMO-08-009,RCP 4.5,2090,0.519531,0.37392903,1
DEMO-08-009,RCP 4.5,2100,0.65,0.43089958,1
DEMO-08-009,RCP 8.5,2020,0.0,0.18846733,1
DEMO-08-009,RCP 8.5,2030,0.0375,0.19911765,1
DEMO-08-009,RCP 8.5,2040,0.1,0.21785988,1
DEMO-08-009,RCP 8.5,2050,0.1875,0.24617995,1
DEMO-08-009,RCP 8.5,2060,0.3,0.2860706,1
DEMO-08-009,RCP 8.5,2070,0.4375,0.33971928,1
DEMO-08-009,RCP 8.5,2080,0.6,0.40876071,1
DEMO-08-009,RCP 8.5,2090,0.7875,0.49295501,1
DEMO-08-009,RCP 8.5,2100,1.0,0.58860023,1
DEMO-08-010,RCP 2.6,2020,0.0,0.0127767,1
DEMO-08-010,RCP 2.6,2030,0.028906,0.01345689,1
DEMO-08-010,RCP 2.6,2040,0.065625,0.0143726,1
DEMO-08-010,RCP 2.6,2050,0.110156,0.01556583,1
DEMO-08-010,RCP 2.6,2060,0.1625,0.01709346,1
DEMO-08-010,RCP 2.6,2070,0.222656,0.01903153,1
DEMO-08-010,RCP 2.6,2080,0.290625,0.02148116,1
DEMO-08-010,RCP 2.6,2090,0.366406,0.02457654,1
DEMO-08-010,RCP 2.6,2100,0.45,0.02849574,1
DEMO-08-010,RCP 4.5,2020,0.0,0.0127767,1
DEMO-08-010,RCP 4.5,2030,0.032031,0.01353253,1
DEMO-08-010,RCP 4.5,2040,0.078125,0.01469814,1
DEMO-08-010,RCP 4.5,2050,0.138281,0.01636915,1
DEMO-08-010,RCP 4.5,2060,0.2125,0.01868983,1
DEMO-08-010,RCP 4.5,2070,0.300781,0.02187276,1
DEMO-08-010,RCP 4.5,2080,0.403125,0.0262288,1
DEMO-08-010,RCP 4.5,2090,0.519531,0.03221211,1
DEMO-08-010,RCP 4.5,2100,0.65,0.04048663,1
DEMO-08-010,RCP 8.5,2020,0.0,0.0127767,1
DEMO-08-010,RCP 8.5,2030,0.0375,0.01366591,1
DEMO-08-010,RCP 8.5,2040,0.1,0.01528539,1
DEMO-08-010,RCP 8.5,2050,0.1875,0.01787416,1
DEMO-08-010,RCP 8.5,2060,0.3,0.02184239,1
DEMO-08-010,RCP 8.5,2070,0.4375,0.02787327,1
DEMO-08-010,RCP 8.5,2080,0.6,0.03709889,1
DEMO-08-010,RCP 8.5,2090,0.7875,0.05139486,1
DEMO-08-010,RCP 8.5,2100,1.0,0.0738438,1
DEMO-08-011,RCP 2.6,2020,0.0,0.62416692,1
DEMO-08-011,RCP 2.6,2030,0.028906,0.6364131,1
DEMO-08-011,RCP 2.6,2040,0.065625,0.65171606,1
DEMO-08-011,RCP 2.6,2050,0.110156,0.66986108,1
DEMO-08-011,RCP 2.6,2060,0.1625,0.69055757,1
DEMO-08-011,RCP 2.6,2070,0.222656,0.71343016,1
DEMO-08-011,RCP 2.6,2080,0.290625,0.73801595,1
DEMO-08-011,RCP 2.6,2090,0.366406,0.76377092,1
DEMO-08-011,RCP 2.6,2100,0.45,0.79008777,1
DEMO-08-011,RCP 4.5,2020,0.0,0.62416692,1
DEMO-08-011,RCP 4.5,2030,0.032031,0.6377268,1
DEMO-08-011,RCP 4.5,2040,0.078125,0.6568568,1
DEMO-08-011,RCP 4.5,2050,0.138281,0.68106994,1
DEMO-08-011,RCP 4.5,2060,0.2125,0.70964002,1
DEMO-08-011,RCP 4.5,2070,0.300781,0.74157058,1
DEMO-08-011,RCP 4.5,2080,0.403125,0.77560357,1
DEMO-08-011,RCP 4.5,2090,0.519531,0.81028683,1
DEMO-08-011,RCP 4.5,2100,0.65,0.84410457,1
DEMO-08-011,RCP 8.5,2020,0.0,0.62416692,1
DEMO-08-011,RCP 8.5,2030,0.0375,0.64002083,1
DEMO-08-011,RCP 8.5,2040,0.1,0.66576466,1
DEMO-08-011,RCP 8.5,2050,0.1875,0.7001856,1
DEMO-08-011,RCP 8.5,2060,0.3,0.74129827,1
DEMO-08-011,RCP 8.5,2070,0.4375,0.78629362,1
DEMO-08-011,RCP 8.5,2080,0.6,0.83176412,1
DEMO-08-011,RCP 8.5,2090,0.7875,0.87425224,1
DEMO-08-011,RCP 8.5,2100,1.0,0.91096335,1
DEMO-08-012,RCP 2.6,2020,0.0,0.30191785,1
DEMO-08-012,RCP 2.6,2030,0.028906,0.31310884,1
DEMO-08-012,RCP 2.6,2040,0.065625,0.32764327,1
DEMO-08-012,RCP 2.6,2050,0.110156,0.34572192,1
DEMO-08-012,RCP 2.6,2060,0.1625,0.36755338,1
DEMO-08-012,RCP 2.6,2070,0.222656,0.39332612,1
DEMO-08-012,RCP 2.6,2080,0.290625,0.42317021,1
DEMO-08-012,RCP 2.6,2090,0.366406,0.45710852,1
DEMO-08-012,RCP 2.6,2100,0.45,0.49500017,1
DEMO-08-012,RCP 4.5,2020,0.0,0.30191785,1
DEMO-08-012,RCP 4.5,2030,0.032031,0.31433213,1
DEMO-08-012,RCP 4.5,2040,0.078125,0.3326694,1
DEMO-08-012,RCP 4.5,2050,0.138281,0.35737829,1
DEMO-08-012,RCP 4.5,2060,0.2125,0.38892856,1
DEMO-08-012,RCP 4.5,2070,0.300781,0.42768397,1
DEMO-08-012,RCP 4.5,2080,0.403125,0.47371743,1
DEMO-08-012,RCP 4.5,2090,0.519531,0.52658003,1
DEMO-08-012,RCP 4.5,2100,0.65,0.58507357,1
DEMO-08-012,RCP 8.5,2020,0.0,0.30191785,1
DEMO-08-012,RCP 8.5,2030,0.0375,0.31647911,1
DEMO-08-012,RCP 8.5,2040,0.1,0.34155694,1
DEMO-08-012,RCP 8.5,2050,0.1875,0.3781818,1
DEMO-08-012,RCP 8.5,2060,0.3,0.42733632,1
DEMO-08-012,RCP 8.5,2070,0.4375,0.48931981,1
DEMO-08-012,RCP 8.5,2080,0.6,0.56284766,1
DEMO-08-012,RCP 8.5,2090,0.7875,0.64419906,1
DEMO-08-012,RCP 8.5,2100,1.0,0.72710822,1
DEMO-08-013,RCP 2.6,2020,0.0,0.24165335,1
DEMO-08-013,RCP 2.6,2030,0.028906,0.25141505,1
DEMO-08-013,RCP 2.6,2040,0.065625,0.26418712,1
DEMO-08-013,RCP 2.6,2050,0.110156,0.2802237,1
DEMO-08-013,RCP 2.6,2060,0.1625,0.2998144,1
DEMO-08-013,RCP 2.6,2070,0.222656,0.32326511,1
DEMO-08-013,RCP 2.6,2080,0.290625,0.35086771,1
DEMO-08-013,RCP 2.6,2090,0.366406,0.38285606,1
DEMO-08-013,RCP 2.6,2100,0.45,0.41934701,1
DEMO-08-013,RCP 4.5,2020,0.0,0.24165335,1
DEMO-08-013,RCP 4.5,2030,0.032031,0.25248591,1
DEMO-08-013,RCP 4.5,2040,0.078125,0.26862874,1
DEMO-08-013,RCP 4.5,2050,0.138281,0.29065275,1
DEMO-08-013,RCP 4.5,2060,0.2125,0.31923868,1
DEMO-08-013,RCP 4.5,2070,0.300781,0.35508499,1
DEMO-08-013,RCP 4.5,2080,0.403125,0.39874865,1
DEMO-08-013,RCP 4.5,2090,0.519531,0.45040509,1
DEMO-08-013,RCP 4.5,2100,0.65,0.5095443,1
DEMO-08-013,RCP 8.5,2020,0.0,0.24165335,1
DEMO-08-013,RCP 8.5,2030,0.0375,0.25436717,1
DEMO-08-013,RCP 8.5,2040,0.1,0.27651431,1
DEMO-08-013,RCP 8.5,2050,0.1875,0.30944243,1
DEMO-08-013,RCP 8.5,2060,0.3,0.35475978,1
DEMO-08-013,RCP 8.5,2070,0.4375,0.41382339,1
DEMO-08-013,RCP 8.5,2080,0.6,0.48682123,1
DEMO-08-013,RCP 8.5,2090,0.7875,0.57155095,1
DEMO-08-013,RCP 8.5,2100,1.0,0.66252021,1
DEMO-08-014,RCP 2.6,2020,0.0,0.00337738,1
DEMO-08-014,RCP 2.6,2030,0.028906,0.00355898,1
DEMO-08-014,RCP 2.6,2040,0.065625,0.00380376,1
DEMO-08-014,RCP 2.6,2050,0.110156,0.00412322,1
DEMO-08-014,RCP 2.6,2060,0.1625,0.00453304,1
DEMO-08-014,RCP 2.6,2070,0.222656,0.00505433,1
DEMO-08-014,RCP 2.6,2080,0.290625,0.00571537,1
DEMO-08-014,RCP 2.6,2090,0.366406,0.00655416,1
DEMO-08-014,RCP 2.6,2100,0.45,0.00762181,1
DEMO-08-014,RCP 4.5,2020,0.0,0.00337738,1
DEMO-08-014,RCP 4.5,2030,0.032031,0.00357919,1
DEMO-08-014,RCP 4.5,2040,0.078125,0.00389086,1
DEMO-08-014,RCP 4.5,2050,0.138281,0.00433861,1
DEMO-08-014,RCP 4.5,2060,0.2125,0.00496231,1
DEMO-08-014,RCP 4.5,2070,0.300781,0.00582127,1
DEMO-08-014,RCP 4.5,2080,0.403125,0.00700349,1
DEMO-08-014,RCP 4.5,2090,0.519531,0.00864004,1
DEMO-08-014,RCP 4.5,2100,0.65,0.01092783,1
DEMO-08-014,RCP 8.5,2020,0.0,0.00337738,1
DEMO-08-014,RCP 8.5,2030,0.0375,0.00361482,1
DEMO-08-014,RCP 8.5,2040,0.1,0.00404809,1
DEMO-08-014,RCP 8.5,2050,0.1875,0.00474285,1
DEMO-08-014,RCP 8.5,2060,0.3,0.00581306,1
DEMO-08-014,RCP 8.5,2070,0.4375,0.00745181,1
DEMO-08-014,RCP 8.5,2080,0.6,0.00998769,1
DEMO-08-014,RCP 8.5,2090,0.7875,0.0139882,1
DEMO-08-014,RCP 8.5,2100,1.0,0.02045039,1
DEMO-08-015,RCP 2.6,2020,0.0,0.00575035,1
DEMO-08-015,RCP 2.6,2030,0.028906,0.00605877,1
DEMO-08-015,RCP 2.6,2040,0.065625,0.00647437,1
DEMO-08-015,RCP 2.6,2050,0.110156,0.00701654,1
DEMO-08-015,RCP 2.6,2060,0.1625,0.00771172,1
DEMO-08-015,RCP 2.6,2070,0.222656,0.00859538,1
DEMO-08-015,RCP 2.6,2080,0.290625,0.00971503,1
DEMO-08-015,RCP 2.6,2090,0.366406,0.01113423,1
DEMO-08-015,RCP 2.6,2100,0.45,0.01293824,1
DEMO-08-015,RCP 4.5,2020,0.0,0.00575035,1
DEMO-08-015,RCP 4.5,2030,0.032031,0.00609309,1
DEMO-08-015,RCP 4.5,2040,0.078125,0.00662221,1
DEMO-08-015,RCP 4.5,2050,0.138281,0.00738196,1
DEMO-08-015,RCP 4.5,2060,0.2125,0.00843944,1
DEMO-08-015,RCP 4.5,2070,0.300781,0.00989431,1
DEMO-08-015,RCP 4.5,2080,0.403125,0.0118938,1
DEMO-08-015,RCP 4.5,2090,0.519531,0.01465623,1
DEMO-08-015,RCP 4.5,2100,0.65,0.0185073,1
DEMO-08-015,RCP 8.5,2020,0.0,0.00575035,1
DEMO-08-015,RCP 8.5,2030,0.0375,0.0061536,1
DEMO-08-015,RCP 8.5,2040,0.1,0.00688905,1
DEMO-08-015,RCP 8.5,2050,0.1875,0.00806745,1
DEMO-08-015,RCP 8.5,2060,0.3,0.0098804,1
DEMO-08-015,RCP 8.5,2070,0.4375,0.01265118,1
DEMO-08-015,RCP 8.5,2080,0.6,0.01692625,1
DEMO-08-015,RCP 8.5,2090,0.7875,0.02363959,1
DEMO-08-015,RCP 8.5,2100,1.0,0.0344049,1
DEMO-08-016,RCP 2.6,2020,0.0,0.00405542,1
DEMO-08-016,RCP 2.6,2030,0.028906,0.00427333,1
DEMO-08-016,RCP 2.6,2040,0.065625,0.00456701,1
DEMO-08-016,RCP 2.6,2050,0.110156,0.00495026,1
DEMO-08-016,RCP 2.6,2060,0.1625,0.00544184,1
DEMO-08-016,RCP 2.6,2070,0.222656,0.00606699,1
DEMO-08-016,RCP 2.6,2080,0.290625,0.00685957,1
DEMO-08-016,RCP 2.6,2090,0.366406,0.00786495,1
DEMO-08-016,RCP 2.6,2100,0.45,0.00914415,1
DEMO-08-016,RCP 4.5,2020,0.0,0.00405542,1
DEMO-08-016,RCP 4.5,2030,0.032031,0.00429757,1
DEMO-08-016,RCP 4.5,2040,0.078125,0.00467151,1
DEMO-08-016,RCP 4.5,2050,0.138281,0.00520863,1
DEMO-08-016,RCP 4.5,2060,0.2125,0.00595665,1
DEMO-08-016,RCP 4.5,2070,0.300781,0.00698652,1
DEMO-08-016,RCP 4.5,2080,0.403125,0.00840338,1
DEMO-08-016,RCP 4.5,2090,0.519531,0.01036364,1
DEMO-08-016,RCP 4.5,2100,0.65,0.01310179,1
DEMO-08-016,RCP 8.5,2020,0.0,0.00405542,1
DEMO-08-016,RCP 8.5,2030,0.0375,0.00434033,1
DEMO-08-016,RCP 8.5,2040,0.1,0.00486013,1
DEMO-08-016,RCP 8.5,2050,0.1875,0.00569346,1
DEMO-08-016,RCP 8.5,2060,0.3,0.00697667,1
DEMO-08-016,RCP 8.5,2070,0.4375,0.00894051,1
DEMO-08-016,RCP 8.5,2080,0.6,0.01197689,1
DEMO-08-016,RCP 8.5,2090,0.7875,0.01676066,1
DEMO-08-016,RCP 8.5,2100,1.0,0.02447187,1
DEMO-08-017,RCP 2.6,2020,0.0,0.01757345,1
DEMO-08-017,RCP 2.6,2030,0.028906,0.01850421,1
DEMO-08-017,RCP 2.6,2040,0.065625,0.01975651,1
DEMO-08-017,RCP 2.6,2050,0.110156,0.02138702,1
DEMO-08-017,RCP 2.6,2060,0.1625,0.02347231,1
DEMO-08-017,RCP 2.6,2070,0.222656,0.0261144,1
DEMO-08-017,RCP 2.6,2080,0.290625,0.02944833,1
DEMO-08-017,RCP 2.6,2090,0.366406,0.03365227,1
DEMO-08-017,RCP 2.6,2100,0.45,0.03896097,1
DEMO-08-017,RCP 4.5,2020,0.0,0.01757345,1
DEMO-08-017,RCP 4.5,2030,0.032031,0.01860768,1
DEMO-08-017,RCP 4.5,2040,0.078125,0.02020148,1
DEMO-08-017,RCP 4.5,2050,0.138281,0.02248389,1
DEMO-08-017,RCP 4.5,2060,0.2125,0.02564886,1
DEMO-08-017,RCP 4.5,2070,0.300781,0.02998072,1
DEMO-08-017,RCP 4.5,2080,0.403125,0.03589224,1
DEMO-08-017,RCP 4.5,2090,0.519531,0.04398041,1
DEMO-08-017,RCP 4.5,2100,0.65,0.05510579,1
DEMO-08-017,RCP 8.5,2020,0.0,0.01757345,1
DEMO-08-017,RCP 8.5,2030,0.0375,0.01879013,1
DEMO-08-017,RCP 8.5,2040,0.1,0.02100393,1
DEMO-08-017,RCP 8.5,2050,0.1875,0.02453707,1
DEMO-08-017,RCP 8.5,2060,0.3,0.02993944,1
DEMO-08-017,RCP 8.5,2070,0.4375,0.03811886,1
DEMO-08-017,RCP 8.5,2080,0.6,0.05055925,1
DEMO-08-017,RCP 8.5,2090,0.7875,0.06966685,1
DEMO-08-017,RCP 8.5,2100,1.0,0.09926174,1
DEMO-08-018,RCP 2.6,2020,0.0,0.22160051,1
DEMO-08-018,RCP 2.6,2030,0.028906,0.2307987,1
DEMO-08-018,RCP 2.6,2040,0.065625,0.24286323,1
DEMO-08-018,RCP 2.6,2050,0.110156,0.25805937,1
DEMO-08-018,RCP 2.6,2060,0.1625,0.27669622,1
DEMO-08-018,RCP 2.6,2070,0.222656,0.29911115,1
DEMO-08-018,RCP 2.6,2080,0.290625,0.32564375,1
DEMO-08-018,RCP 2.6,2090,0.366406,0.35659575,1
DEMO-08-018,RCP 2.6,2100,0.45,0.39217429,1
DEMO-08-018,RCP 4.5,2020,0.0,0.22160051,1
DEMO-08-018,RCP 4.5,2030,0.032031,0.23180894,1
DEMO-08-018,RCP 4.5,2040,0.078125,0.24706672,1
DEMO-08-018,RCP 4.5,2050,0.138281,0.26797064,1
DEMO-08-018,RCP 4.5,2060,0.2125,0.2952543,1
DEMO-08-018,RCP 4.5,2070,0.300781,0.32971184,1
DEMO-08-018,RCP 4.5,2080,0.403125,0.37205542,1
DEMO-08-018,RCP 4.5,2090,0.519531,0.42268487,1
DEMO-08-018,RCP 4.5,2100,0.65,0.48137226,1
DEMO-08-018,RCP 8.5,2020,0.0,0.22160051,1
DEMO-08-018,RCP 8.5,2030,0.0375,0.23358427,1
DEMO-08-018,RCP 8.5,2040,0.1,0.25453963,1
DEMO-08-018,RCP 8.5,2050,0.1875,0.28588497,1
DEMO-08-018,RCP 8.5,2060,0.3,0.329398,1
DEMO-08-018,RCP 8.5,2070,0.4375,0.38677018,1
DEMO-08-018,RCP 8.5,2080,0.6,0.45873047,1
DEMO-08-018,RCP 8.5,2090,0.7875,0.54375146,1
DEMO-08-018,RCP 8.5,2100,1.0,0.63687313,1
DEMO-08-019,RCP 2.6,2020,0.0,0.00074197,1
DEMO-08-019,RCP 2.6,2030,0.028906,0.00078198,1
DEMO-08-019,RCP 2.6,2040,0.065625,0.00083592,1
DEMO-08-019,RCP 2.6,2050,0.110156,0.00090636,1
DEMO-08-019,RCP 2.6,2060,0.1625,0.00099676,1
DEMO-08-019,RCP 2.6,2070,0.222656,0.00111184,1
DEMO-08-019,RCP 2.6,2080,0.290625,0.00125791,1
DEMO-08-019,RCP 2.6,2090,0.366406,0.00144347,1
DEMO-08-019,RCP 2.6,2100,0.45,0.00168001,1
DEMO-08-019,RCP 4.5,2020,0.0,0.00074197,1
DEMO-08-019,RCP 4.5,2030,0.032031,0.00078643,1
DEMO-08-019,RCP 4.5,2040,0.078125,0.00085512,1
DEMO-08-019,RCP 4.5,2050,0.138281,0.00095386,1
DEMO-08-019,RCP 4.5,2060,0.2125,0.00109152,1
DEMO-08-019,RCP 4.5,2070,0.300781,0.00128132,1
DEMO-08-019,RCP 4.5,2080,0.403125,0.00154297,1
DEMO-08-019,RCP 4.5,2090,0.519531,0.00190598,1
DEMO-08-019,RCP 4.5,2100,0.65,0.002415,1
DEMO-08-019,RCP 8.5,2020,0.0,0.00074197,1
DEMO-08-019,RCP 8.5,2030,0.0375,0.00079429,1
DEMO-08-019,RCP 8.5,2040,0.1,0.00088979,1
DEMO-08-019,RCP 8.5,2050,0.1875,0.00104307,1
DEMO-08-019,RCP 8.5,2060,0.3,0.00127951,1
DEMO-08-019,RCP 8.5,2070,0.4375,0.00164232,1
DEMO-08-019,RCP 8.5,2080,0.6,0.0022056,1
DEMO-08-019,RCP 8.5,2090,0.7875,0.0030988,1
DEMO-08-019,RCP 8.5,2100,1.0,0.0045536,1
DEMO-08-020,RCP 2.6,2020,0.0,0.00504833,1
DEMO-08-020,RCP 2.6,2030,0.028906,0.0053193,1
DEMO-08-020,RCP 2.6,2040,0.065625,0.00568446,1
DEMO-08-020,RCP 2.6,2050,0.110156,0.0061609,1
DEMO-08-020,RCP 2.6,2060,0.1625,0.00677188,1
DEMO-08-020,RCP 2.6,2070,0.222656,0.00754867,1
DEMO-08-020,RCP 2.6,2080,0.290625,0.00853315,1
DEMO-08-020,RCP 2.6,2090,0.366406,0.0097814,1
DEMO-08-020,RCP 2.6,2100,0.45,0.01136873,1
DEMO-08-020,RCP 4.5,2020,0.0,0.00504833,1
DEMO-08-020,RCP 4.5,2030,0.032031,0.00534945,1
DEMO-08-020,RCP 4.5,2040,0.078125,0.00581437,1
DEMO-08-020,RCP 4.5,2050,0.138281,0.00648205,1
DEMO-08-020,RCP 4.5,2060,0.2125,0.00741158,1
DEMO-08-020,RCP 4.5,2070,0.300781,0.0086908,1
DEMO-08-020,RCP 4.5,2080,0.403125,0.01044965,1
DEMO-08-020,RCP 4.5,2090,0.519531,0.01288104,1
DEMO-08-020,RCP 4.5,2100,0.65,0.01627337,1
DEMO-08-020,RCP 8.5,2020,0.0,0.00504833,1
DEMO-08-020,RCP 8.5,2030,0.0375,0.00540262,1
DEMO-08-020,RCP 8.5,2040,0.1,0.00604886,1
DEMO-08-020,RCP 8.5,2050,0.1875,0.00708456,1
DEMO-08-020,RCP 8.5,2060,0.3,0.00867857,1
DEMO-08-020,RCP 8.5,2070,0.4375,0.01111611,1
DEMO-08-020,RCP 8.5,2080,0.6,0.01488027,1
DEMO-08-020,RCP 8.5,2090,0.7875,0.02079928,1
DEMO-08-020,RCP 8.5,2100,1.0,0.0303113,1
DEMO-08-021,RCP 2.6,2020,0.0,0.05983045,1
DEMO-08-021,RCP 2.6,2030,0.028906,0.06285611,1
DEMO-08-021,RCP 2.6,2040,0.065625,0.06690538,1
DEMO-08-021,RCP 2.6,2050,0.110156,0.07214072,1
DEMO-08-021,RCP 2.6,2060,0.1625,0.07877629,1
DEMO-08-021,RCP 2.6,2070,0.222656,0.08708836,1
DEMO-08-021,RCP 2.6,2080,0.290625,0.09742786,1
DEMO-08-021,RCP 2.6,2090,0.366406,0.11023408,1
DEMO-08-021,RCP 2.6,2100,0.45,0.12604789,1
DEMO-08-021,RCP 4.5,2020,0.0,0.05983045,1
DEMO-08-021,RCP 4.5,2030,0.032031,0.06319163,1
DEMO-08-021,RCP 4.5,2040,0.078125,0.06833826,1
DEMO-08-021,RCP 4.5,2050,0.138281,0.0756394,1
DEMO-08-021,RCP 4.5,2060,0.2125,0.08563139,1
DEMO-08-021,RCP 4.5,2070,0.300781,0.09906379,1
DEMO-08-021,RCP 4.5,2080,0.403125,0.11695459,1
DEMO-08-021,RCP 4.5,2090,0.519531,0.14064499,1
DEMO-08-021,RCP 4.5,2100,0.65,0.17182794,1
DEMO-08-021,RCP 8.5,2020,0.0,0.05983045,1
DEMO-08-021,RCP 8.5,2030,0.0375,0.06378282,1
DEMO-08-021,RCP 8.5,2040,0.1,0.07091441,1
DEMO-08-021,RCP 8.5,2050,0.1875,0.08213875,1
DEMO-08-021,RCP 8.5,2060,0.3,0.09893709,1
DEMO-08-021,RCP 8.5,2070,0.4375,0.12356547,1
DEMO-08-021,RCP 8.5,2080,0.6,0.15927446,1
DEMO-08-021,RCP 8.5,2090,0.7875,0.2103649,1
DEMO-08-021,RCP 8.5,2100,1.0,0.28163546,1
DEMO-08-022,RCP 2.6,2020,0.0,0.07831571,1
DEMO-08-022,RCP 2.6,2030,0.028906,0.08219445,1
DEMO-08-022,RCP 2.6,2040,0.065625,0.08737337,1
DEMO-08-022,RCP 2.6,2050,0.110156,0.0940489,1
DEMO-08-022,RCP 2.6,2060,0.1625,0.10247703,1
DEMO-08-022,RCP 2.6,2070,0.222656,0.11298318,1
DEMO-08-022,RCP 2.6,2080,0.290625,0.1259728,1
DEMO-08-022,RCP 2.6,2090,0.366406,0.141941,1
DEMO-08-022,RCP 2.6,2100,0.45,0.16147789,1
DEMO-08-022,RCP 4.5,2020,0.0,0.07831571,1
DEMO-08-022,RCP 4.5,2030,0.032031,0.0826241,1
DEMO-08-022,RCP 4.5,2040,0.078125,0.0892027,1
DEMO-08-022,RCP 4.5,2050,0.138281,0.09849728,1
DEMO-08-022,RCP 4.5,2060,0.2125,0.11114575,1
DEMO-08-022,RCP 4.5,2070,0.300781,0.12802005,1
DEMO-08-022,RCP 4.5,2080,0.403125,0.15026808,1
DEMO-08-022,RCP 4.5,2090,0.519531,0.17933605,1
DEMO-08-022,RCP 4.5,2100,0.65,0.21693187,1
DEMO-08-022,RCP 8.5,2020,0.0,0.07831571,1
DEMO-08-022,RCP 8.5,2030,0.0375,0.0833809,1
DEMO-08-022,RCP 8.5,2040,0.1,0.09248729,1
DEMO-08-022,RCP 8.5,2050,0.1875,0.10673392,1
DEMO-08-022,RCP 8.5,2060,0.3,0.12786157,1
DEMO-08-022,RCP 8.5,2070,0.4375,0.15842418,1
DEMO-08-022,RCP 8.5,2080,0.6,0.20188645,1
DEMO-08-022,RCP 8.5,2090,0.7875,0.26237973,1
DEMO-08-022,RCP 8.5,2100,1.0,0.34360438,1
DEMO-08-023,RCP 2.6,2020,0.0,0.00073393,1
DEMO-08-023,RCP 2.6,2030,0.028906,0.0007735,1
DEMO-08-023,RCP 2.6,2040,0.065625,0.00082686,1
DEMO-08-023,RCP 2.6,2050,0.110156,0.00089653,1
DEMO-08-023,RCP 2.6,2060,0.1625,0.00098596,1
DEMO-08-023,RCP 2.6,2070,0.222656,0.00109979,1
DEMO-08-023,RCP 2.6,2080,0.290625,0.00124428,1
DEMO-08-023,RCP 2.6,2090,0.366406,0.00142783,1
DEMO-08-023,RCP 2.6,2100,0.45,0.00166181,1
DEMO-08-023,RCP 4.5,2020,0.0,0.00073393,1
DEMO-08-023,RCP 4.5,2030,0.032031,0.00077791,1
DEMO-08-023,RCP 4.5,2040,0.078125,0.00084585,1
DEMO-08-023,RCP 4.5,2050,0.138281,0.00094353,1
DEMO-08-023,RCP 4.5,2060,0.2125,0.00107969,1
DEMO-08-023,RCP 4.5,2070,0.300781,0.00126744,1
DEMO-08-023,RCP 4.5,2080,0.403125,0.00152626,1
DEMO-08-023,RCP 4.5,2090,0.519531,0.00188534,1
DEMO-08-023,RCP 4.5,2100,0.65,0.00238886,1
DEMO-08-023,RCP 8.5,2020,0.0,0.00073393,1
DEMO-08-023,RCP 8.5,2030,0.0375,0.00078567,1
DEMO-08-023,RCP 8.5,2040,0.1,0.00088014,1
DEMO-08-023,RCP 8.5,2050,0.1875,0.00103176,1
DEMO-08-023,RCP 8.5,2060,0.3,0.00126564,1
DEMO-08-023,RCP 8.5,2070,0.4375,0.00162453,1
DEMO-08-023,RCP 8.5,2080,0.6,0.00218173,1
DEMO-08-023,RCP 8.5,2090,0.7875,0.00306528,1
DEMO-08-023,RCP 8.5,2100,1.0,0.00450442,1
DEMO-08-024,RCP 2.6,2020,0.0,0.00164979,1
DEMO-08-024,RCP 2.6,2030,0.028906,0.00173866,1
DEMO-08-024,RCP 2.6,2040,0.065625,0.00185848,1
DEMO-08-024,RCP 2.6,2050,0.110156,0.0020149,1
DEMO-08-024,RCP 2.6,2060,0.1625,0.00221563,1
DEMO-08-024,RCP 2.6,2070,0.222656,0.00247108,1
DEMO-08-024,RCP 2.6,2080,0.290625,0.00279522,1
DEMO-08-024,RCP 2.6,2090,0.366406,0.00320683,1
DEMO-08-024,RCP 2.6,2100,0.45,0.00373125,1
DEMO-08-024,RCP 4.5,2020,0.0,0.00164979,1
DEMO-08-024,RCP 4.5,2030,0.032031,0.00174855,1
DEMO-08-024,RCP 4.5,2040,0.078125,0.00190112,1
DEMO-08-024,RCP 4.5,2050,0.138281,0.00212039,1
DEMO-08-024,RCP 4.5,2060,0.2125,0.00242598,1
DEMO-08-024,RCP 4.5,2070,0.300781,0.00284717,1
DEMO-08-024,RCP 4.5,2080,0.403125,0.00342747,1
DEMO-08-024,RCP 4.5,2090,0.519531,0.00423195,1
DEMO-08-024,RCP 4.5,2100,0.65,0.00535883,1
DEMO-08-024,RCP 8.5,2020,0.0,0.00164979,1
DEMO-08-024,RCP 8.5,2030,0.0375,0.001766,1
DEMO-08-024,RCP 8.5,2040,0.1,0.0019781,1
DEMO-08-024,RCP 8.5,2050,0.1875,0.00231843,1
DEMO-08-024,RCP 8.5,2060,0.3,0.00284314,1
DEMO-08-024,RCP 8.5,2070,0.4375,0.00364771,1
DEMO-08-024,RCP 8.5,2080,0.6,0.00489543,1
DEMO-08-024,RCP 8.5,2090,0.7875,0.00687042,1
DEMO-08-024,RCP 8.5,2100,1.0,0.01007799,1
